category,attribute,question_type,question_text,purpose
基本属性,本名,DIRECT,お名前って漢字だとどう書くんですか？,基本属性の把握
基本属性,本名,DIRECT,フルネームってどんな表記なんですか？,基本属性の把握
基本属性,本名,INDIRECT,お仕事とかで使うお名前って、そのまま本名ですか？,基本属性の把握
基本属性,本名,INDIRECT,名刺とかSNSって本名表記のことが多いですか？,基本属性の把握
基本属性,本名,ASSUMPTION,普段は本名で活動されてる感じですか？,基本属性の把握
基本属性,本名,ASSUMPTION,呼ばれ方はいろいろあっても、正式には別表記なんですか？,基本属性の把握
基本属性,本名,COMPARISON,仕事では本名の人と通称の人っていますよね。どちらが多いですか？,基本属性の把握
基本属性,本名,COMPARISON,SNSって本名派とハンドルネーム派に分かれますよね。ご自身はどうですか？,基本属性の把握
基本属性,本名,PAST,昔からずっと同じ名前の呼ばれ方でした？,基本属性の把握
基本属性,本名,PAST,学生時代ってフルネームで呼ばれること多かったですか？,基本属性の把握
基本属性,本名,SITUATIONAL,書類に正式名を書く場面って、今の表記で統一してますか？,基本属性の把握
基本属性,本名,SITUATIONAL,初対面の人にはどの名前で名乗ることが多いですか？,基本属性の把握
基本属性,本名,OBSERVATION,普段のお名前と正式なお名前、少し使い分けてそうですね。,基本属性の把握
基本属性,本名,OBSERVATION,表示名と本名、分けて使ってる感じですか？,基本属性の把握
基本属性,本名,HYPOTHETICAL,もし本を出すなら、本名で出したいですか？,基本属性の把握
基本属性,本名,HYPOTHETICAL,新しく活動を始めるなら、正式名と別名のどちらを使いますか？,基本属性の把握
基本属性,ニックネーム,DIRECT,普段は何て呼ばれることが多いですか？,基本属性の把握
基本属性,ニックネーム,DIRECT,呼ばれ方ってどんなのが一番しっくりきます？,基本属性の把握
基本属性,ニックネーム,INDIRECT,友達のあいだではどんな呼ばれ方してます？,基本属性の把握
基本属性,ニックネーム,INDIRECT,仕事とプライベートで呼ばれ方変わります？,基本属性の把握
基本属性,ニックネーム,ASSUMPTION,たぶん短く呼ばれること多そうですね。,基本属性の把握
基本属性,ニックネーム,ASSUMPTION,本名そのままより、別の呼ばれ方の方が多いですか？,基本属性の把握
基本属性,ニックネーム,COMPARISON,あだ名が定着する人としない人っていますよね。どっちタイプですか？,基本属性の把握
基本属性,ニックネーム,COMPARISON,職場と昔の友達で呼び方が違う人っていますよね。そういうのあります？,基本属性の把握
基本属性,ニックネーム,PAST,学生の頃ってどんな呼ばれ方してました？,基本属性の把握
基本属性,ニックネーム,PAST,昔からずっと同じあだ名ですか？,基本属性の把握
基本属性,ニックネーム,SITUATIONAL,新しいコミュニティに入ると、最初は何て名乗ることが多いですか？,基本属性の把握
基本属性,ニックネーム,SITUATIONAL,オンラインで知り合う人にはどんな名前で呼んでもらうことが多いですか？,基本属性の把握
基本属性,ニックネーム,OBSERVATION,呼びやすい名前ですね。略されることも多そうです。,基本属性の把握
基本属性,ニックネーム,OBSERVATION,親しい人ほど呼び方が変わりそうな感じありますね。,基本属性の把握
基本属性,ニックネーム,HYPOTHETICAL,今あだ名を一つ決めるなら、どんなのがいいですか？,基本属性の把握
基本属性,ニックネーム,HYPOTHETICAL,配信とか活動名をつけるなら、今の呼ばれ方を使います？,基本属性の把握
基本属性,年齢層,DIRECT,差し支えなければ、今ってどのくらいの年代ですか？,基本属性の把握
基本属性,年齢層,DIRECT,同世代って言うと、だいたい何歳前後の人が多いですか？,基本属性の把握
基本属性,年齢層,INDIRECT,学生の頃ってスマホありました？,基本属性の把握
基本属性,年齢層,INDIRECT,子どもの頃、どんなゲームや番組が流行ってました？,基本属性の把握
基本属性,年齢層,ASSUMPTION,ポケモン初代世代っぽい気もしますね。,基本属性の把握
基本属性,年齢層,ASSUMPTION,ガラケーを普通に使ってた世代ですか？,基本属性の把握
基本属性,年齢層,COMPARISON,今の学生文化って、自分の頃とだいぶ違う感じします？,基本属性の把握
基本属性,年齢層,COMPARISON,世代によってネットの使い方って全然違いますよね。共感する部分あります？,基本属性の把握
基本属性,年齢層,PAST,学生の頃ってどんな音楽が流行ってました？,基本属性の把握
基本属性,年齢層,PAST,子どもの頃の思い出って、どんなものが強く残ってます？,基本属性の把握
基本属性,年齢層,SITUATIONAL,同年代の人と集まると、どんな話題になりやすいですか？,基本属性の把握
基本属性,年齢層,SITUATIONAL,昔の話になったとき、盛り上がるネタって何ですか？,基本属性の把握
基本属性,年齢層,OBSERVATION,懐かしいカルチャーの話に詳しそうですね。,基本属性の把握
基本属性,年齢層,OBSERVATION,昔のネットや音楽の話、かなり肌感ありますよね。,基本属性の把握
基本属性,年齢層,HYPOTHETICAL,もし今もう一度学生をやるなら、どんな学校生活になりそうです？,基本属性の把握
基本属性,年齢層,HYPOTHETICAL,今の若い世代の流行って、自分も自然に入っていけそうですか？,基本属性の把握
基本属性,出身地域,DIRECT,ご出身ってどちらなんですか？,基本属性の把握
基本属性,出身地域,DIRECT,地元はどのあたりなんですか？,基本属性の把握
基本属性,出身地域,INDIRECT,子どもの頃ってどんな街で過ごしてたんですか？,基本属性の把握
基本属性,出身地域,INDIRECT,実家のあたりって、街の感じですか？それとも自然が多い感じですか？,基本属性の把握
基本属性,出身地域,ASSUMPTION,少し関西っぽい空気ありますね。,基本属性の把握
基本属性,出身地域,ASSUMPTION,話し方に地元っぽさが残ってる感じありますね。,基本属性の把握
基本属性,出身地域,COMPARISON,地元って、都会寄りでした？それとものんびりした場所でした？,基本属性の把握
基本属性,出身地域,COMPARISON,東西で文化って結構違いますよね。自分の地元はどんな感じです？,基本属性の把握
基本属性,出身地域,PAST,学生時代はずっと地元で過ごしてたんですか？,基本属性の把握
基本属性,出身地域,PAST,小さい頃によく行ってた場所ってどんなところでした？,基本属性の把握
基本属性,出身地域,SITUATIONAL,地元に帰るとしたら、まず何を食べたいですか？,基本属性の把握
基本属性,出身地域,SITUATIONAL,初対面の人に地元を説明するとしたら、何が一番わかりやすいですか？,基本属性の把握
基本属性,出身地域,OBSERVATION,言葉のニュアンスに地元感がありますね。,基本属性の把握
基本属性,出身地域,OBSERVATION,地元トークになると急に具体的になりそうですね。,基本属性の把握
基本属性,出身地域,HYPOTHETICAL,もし今すぐ地元に1週間帰れるなら、何をしたいですか？,基本属性の把握
基本属性,出身地域,HYPOTHETICAL,地元を誰かにおすすめするとしたら、どこを案内します？,基本属性の把握
基本属性,居住地域,DIRECT,今はどのあたりに住んでるんですか？,基本属性の把握
基本属性,居住地域,DIRECT,普段よくいるエリアってどこですか？,基本属性の把握
基本属性,居住地域,INDIRECT,最寄りの街ってどんな雰囲気なんですか？,基本属性の把握
基本属性,居住地域,INDIRECT,休日に出るとしたら、どの辺まで行くことが多いですか？,基本属性の把握
基本属性,居住地域,ASSUMPTION,都心寄りに住んでそうな動き方ですね。,基本属性の把握
基本属性,居住地域,ASSUMPTION,わりとアクセス重視で住む場所選ぶタイプですか？,基本属性の把握
基本属性,居住地域,COMPARISON,住むなら便利さ重視の人と落ち着き重視の人っていますよね。どっち寄りですか？,基本属性の把握
基本属性,居住地域,COMPARISON,今の街って、前に住んでた場所と比べてどうですか？,基本属性の把握
基本属性,居住地域,PAST,今の場所には長いんですか？,基本属性の把握
基本属性,居住地域,PAST,これまで住んできた場所って、似たタイプが多いですか？,基本属性の把握
基本属性,居住地域,SITUATIONAL,友達を呼ぶなら、今の街って案内しやすいですか？,基本属性の把握
基本属性,居住地域,SITUATIONAL,引っ越すとしたら、今と似た場所を選びます？,基本属性の把握
基本属性,居住地域,OBSERVATION,街の使い方に慣れてる感じありますね。,基本属性の把握
基本属性,居住地域,OBSERVATION,生活圏がはっきりしてそうですね。,基本属性の把握
基本属性,居住地域,HYPOTHETICAL,もし家賃を気にしなくていいなら、どの辺に住みたいですか？,基本属性の把握
基本属性,居住地域,HYPOTHETICAL,次に住むなら、今より静かな場所と便利な場所、どちらを選びます？,基本属性の把握
基本属性,国籍,DIRECT,国籍ってどちらなんですか？,基本属性の把握
基本属性,国籍,DIRECT,差し支えなければ、ご自身のルーツってどこなんですか？,基本属性の把握
基本属性,国籍,INDIRECT,普段、どの文化圏の感覚が一番しっくりきます？,基本属性の把握
基本属性,国籍,INDIRECT,家ではどんな文化の行事が身近でした？,基本属性の把握
基本属性,国籍,ASSUMPTION,日本育ちでも、少し国際的な背景がありそうですね。,基本属性の把握
基本属性,国籍,ASSUMPTION,ルーツが一つじゃない感じもありますね。,基本属性の把握
基本属性,国籍,COMPARISON,文化って国によって距離感が違いますよね。どこに一番親しみあります？,基本属性の把握
基本属性,国籍,COMPARISON,食事や行事って、どの国の感覚が一番自然ですか？,基本属性の把握
基本属性,国籍,PAST,小さい頃から身近だった言葉や文化って何ですか？,基本属性の把握
基本属性,国籍,PAST,家庭の中で、海外の文化を感じることってありました？,基本属性の把握
基本属性,国籍,SITUATIONAL,書類とか自己紹介でルーツを説明するなら、どう伝えることが多いですか？,基本属性の把握
基本属性,国籍,SITUATIONAL,海外の人と話すとき、自分のバックグラウンドってどのように説明します？,基本属性の把握
基本属性,国籍,OBSERVATION,文化の話になると視点が少し広い感じありますね。,基本属性の把握
基本属性,国籍,OBSERVATION,日本の話をしつつ、別の文化感覚も自然に出てきますね。,基本属性の把握
基本属性,国籍,HYPOTHETICAL,長く暮らすなら、どの国が一番しっくりきそうですか？,基本属性の把握
基本属性,国籍,HYPOTHETICAL,もし子どもに文化を伝えるなら、どの国の要素を残したいですか？,基本属性の把握
基本属性,言語,DIRECT,普段は何語を使うことが多いですか？,基本属性の把握
基本属性,言語,DIRECT,話せる言語ってどのくらいありますか？,基本属性の把握
基本属性,言語,INDIRECT,海外のコンテンツって字幕なしでも見られます？,基本属性の把握
基本属性,言語,INDIRECT,仕事や趣味で日本語以外を使うことあります？,基本属性の把握
基本属性,言語,ASSUMPTION,たぶん英語はかなり慣れてますよね。,基本属性の把握
基本属性,言語,ASSUMPTION,会話してると、言語感覚が柔らかい感じありますね。,基本属性の把握
基本属性,言語,COMPARISON,読むのが得意な人と話すのが得意な人っていますよね。どちら寄りですか？,基本属性の把握
基本属性,言語,COMPARISON,仕事で使う言語と、普段しっくりくる言語って違います？,基本属性の把握
基本属性,言語,PAST,学生時代に得意だった言語ってあります？,基本属性の把握
基本属性,言語,PAST,昔から外国語に抵抗は少ない方でした？,基本属性の把握
基本属性,言語,SITUATIONAL,海外の人と急に話すことになったら、どの言語でいけそうですか？,基本属性の把握
基本属性,言語,SITUATIONAL,旅行先で現地の言葉を少し使いたくなるタイプですか？,基本属性の把握
基本属性,言語,OBSERVATION,言葉の切り替えが自然そうですね。,基本属性の把握
基本属性,言語,OBSERVATION,外来語の使い方がこなれてますね。,基本属性の把握
基本属性,言語,HYPOTHETICAL,新しくもう一つ言語を身につけるなら、何を選びます？,基本属性の把握
基本属性,言語,HYPOTHETICAL,1年海外で暮らすなら、どの言語圏が合いそうですか？,基本属性の把握
基本属性,外見特徴,DIRECT,自分の見た目って、どんな印象を持たれることが多いですか？,基本属性の把握
基本属性,外見特徴,DIRECT,服装や髪型って、普段どんな感じを意識してます？,基本属性の把握
基本属性,外見特徴,INDIRECT,初対面でどう見られやすいって言われます？,基本属性の把握
基本属性,外見特徴,INDIRECT,買い物するとき、まず形から見るタイプですか？色から見るタイプですか？,基本属性の把握
基本属性,外見特徴,ASSUMPTION,たぶん見た目はシンプルに整える派ですよね。,基本属性の把握
基本属性,外見特徴,ASSUMPTION,こだわるところは結構はっきりしてそうですね。,基本属性の把握
基本属性,外見特徴,COMPARISON,見た目で個性を出す人と、機能性重視の人っていますよね。どちらに近いですか？,基本属性の把握
基本属性,外見特徴,COMPARISON,服って毎日変えたい派ですか？定番を持つ派ですか？,基本属性の把握
基本属性,外見特徴,PAST,学生の頃と今で、見た目の好みって変わりました？,基本属性の把握
基本属性,外見特徴,PAST,昔はどんな服装や髪型が多かったですか？,基本属性の把握
基本属性,外見特徴,SITUATIONAL,人前に出る日と普段の日で、見た目の整え方って変わります？,基本属性の把握
基本属性,外見特徴,SITUATIONAL,大事な予定の日って、どこに一番気を使います？,基本属性の把握
基本属性,外見特徴,OBSERVATION,全体の雰囲気づくりが上手いですね。,基本属性の把握
基本属性,外見特徴,OBSERVATION,見た目にさりげない統一感がありますね。,基本属性の把握
基本属性,外見特徴,HYPOTHETICAL,もし服を一つの系統だけに絞るなら、どんな感じにします？,基本属性の把握
基本属性,外見特徴,HYPOTHETICAL,髪型を大きく変えるとしたら、どんな方向がしっくりきそうですか？,基本属性の把握
社会属性,職業,DIRECT,普段はどんなお仕事をされてるんですか？,社会属性の把握
社会属性,職業,DIRECT,今の仕事って一言でいうとどんな内容ですか？,社会属性の把握
社会属性,職業,INDIRECT,平日はどんな感じで一日が進むことが多いですか？,社会属性の把握
社会属性,職業,INDIRECT,仕事の話をするとき、どの部分が一番説明しやすいですか？,社会属性の把握
社会属性,職業,ASSUMPTION,人と調整する仕事が多そうですね。,社会属性の把握
社会属性,職業,ASSUMPTION,作るより回す側の仕事も結構ありそうですね。,社会属性の把握
社会属性,職業,COMPARISON,現場寄りの仕事と企画寄りの仕事ってありますよね。どちらに近いですか？,社会属性の把握
社会属性,職業,COMPARISON,一人で進める仕事と、誰かと進める仕事だとどちらが多いですか？,社会属性の把握
社会属性,職業,PAST,今の仕事に入ったきっかけって何だったんですか？,社会属性の把握
社会属性,職業,PAST,学生の頃から今の仕事に近いことは考えてました？,社会属性の把握
社会属性,職業,SITUATIONAL,初対面の人に仕事を説明するとき、どう伝えることが多いですか？,社会属性の把握
社会属性,職業,SITUATIONAL,忙しい週って、どんな業務が重なりやすいですか？,社会属性の把握
社会属性,職業,OBSERVATION,仕事の話をすると具体性がありますね。,社会属性の把握
社会属性,職業,OBSERVATION,段取りを組む仕事に強そうな印象があります。,社会属性の把握
社会属性,職業,HYPOTHETICAL,もし今の仕事を一言で看板にするなら、何て書きます？,社会属性の把握
社会属性,職業,HYPOTHETICAL,今と全然違う職種をやるなら、何が気になります？,社会属性の把握
社会属性,業界,DIRECT,業界について、今はどんな感じなんですか？,社会属性の把握
社会属性,業界,DIRECT,今の業界を一言でいうとどうなりますか？,社会属性の把握
社会属性,業界,INDIRECT,普段の生活の中で業界が見える場面ってあります？,社会属性の把握
社会属性,業界,INDIRECT,人に話すとき、業界はどう説明することが多いですか？,社会属性の把握
社会属性,業界,ASSUMPTION,業界はかなり積み上げてきた感じがありますね。,社会属性の把握
社会属性,業界,ASSUMPTION,わりと業界がはっきりしてるタイプですよね。,社会属性の把握
社会属性,業界,COMPARISON,人によって業界の考え方って違いますよね。ご自身はどんな感じですか？,社会属性の把握
社会属性,業界,COMPARISON,周りと比べると、業界は標準的な方ですか？,社会属性の把握
社会属性,業界,PAST,今の業界に至るまでで、大きなきっかけってありました？,社会属性の把握
社会属性,業界,PAST,昔から業界は同じ方向でした？,社会属性の把握
社会属性,業界,SITUATIONAL,初対面で業界を説明するとしたら、どう言います？,社会属性の把握
社会属性,業界,SITUATIONAL,転機のタイミングで業界を見直すことってありました？,社会属性の把握
社会属性,業界,OBSERVATION,話していて、業界がしっかりしてる印象です。,社会属性の把握
社会属性,業界,OBSERVATION,業界に対する解像度が高そうですね。,社会属性の把握
社会属性,業界,HYPOTHETICAL,もし業界を変えるなら、どの方向に寄せたいですか？,社会属性の把握
社会属性,業界,HYPOTHETICAL,理想の業界に一歩近づくなら、何を選びますか？,社会属性の把握
社会属性,所属組織,DIRECT,所属組織について、今はどんな感じなんですか？,社会属性の把握
社会属性,所属組織,DIRECT,今の所属組織を一言でいうとどうなりますか？,社会属性の把握
社会属性,所属組織,INDIRECT,普段の生活の中で所属組織が見える場面ってあります？,社会属性の把握
社会属性,所属組織,INDIRECT,人に話すとき、所属組織はどう説明することが多いですか？,社会属性の把握
社会属性,所属組織,ASSUMPTION,所属組織はかなり積み上げてきた感じがありますね。,社会属性の把握
社会属性,所属組織,ASSUMPTION,わりと所属組織がはっきりしてるタイプですよね。,社会属性の把握
社会属性,所属組織,COMPARISON,人によって所属組織の考え方って違いますよね。ご自身はどんな感じですか？,社会属性の把握
社会属性,所属組織,COMPARISON,周りと比べると、所属組織は標準的な方ですか？,社会属性の把握
社会属性,所属組織,PAST,今の所属組織に至るまでで、大きなきっかけってありました？,社会属性の把握
社会属性,所属組織,PAST,昔から所属組織は同じ方向でした？,社会属性の把握
社会属性,所属組織,SITUATIONAL,初対面で所属組織を説明するとしたら、どう言います？,社会属性の把握
社会属性,所属組織,SITUATIONAL,転機のタイミングで所属組織を見直すことってありました？,社会属性の把握
社会属性,所属組織,OBSERVATION,話していて、所属組織がしっかりしてる印象です。,社会属性の把握
社会属性,所属組織,OBSERVATION,所属組織に対する解像度が高そうですね。,社会属性の把握
社会属性,所属組織,HYPOTHETICAL,もし所属組織を変えるなら、どの方向に寄せたいですか？,社会属性の把握
社会属性,所属組織,HYPOTHETICAL,理想の所属組織に一歩近づくなら、何を選びますか？,社会属性の把握
社会属性,役職,DIRECT,役職について、今はどんな感じなんですか？,社会属性の把握
社会属性,役職,DIRECT,今の役職を一言でいうとどうなりますか？,社会属性の把握
社会属性,役職,INDIRECT,普段の生活の中で役職が見える場面ってあります？,社会属性の把握
社会属性,役職,INDIRECT,人に話すとき、役職はどう説明することが多いですか？,社会属性の把握
社会属性,役職,ASSUMPTION,役職はかなり積み上げてきた感じがありますね。,社会属性の把握
社会属性,役職,ASSUMPTION,わりと役職がはっきりしてるタイプですよね。,社会属性の把握
社会属性,役職,COMPARISON,人によって役職の考え方って違いますよね。ご自身はどんな感じですか？,社会属性の把握
社会属性,役職,COMPARISON,周りと比べると、役職は標準的な方ですか？,社会属性の把握
社会属性,役職,PAST,今の役職に至るまでで、大きなきっかけってありました？,社会属性の把握
社会属性,役職,PAST,昔から役職は同じ方向でした？,社会属性の把握
社会属性,役職,SITUATIONAL,初対面で役職を説明するとしたら、どう言います？,社会属性の把握
社会属性,役職,SITUATIONAL,転機のタイミングで役職を見直すことってありました？,社会属性の把握
社会属性,役職,OBSERVATION,話していて、役職がしっかりしてる印象です。,社会属性の把握
社会属性,役職,OBSERVATION,役職に対する解像度が高そうですね。,社会属性の把握
社会属性,役職,HYPOTHETICAL,もし役職を変えるなら、どの方向に寄せたいですか？,社会属性の把握
社会属性,役職,HYPOTHETICAL,理想の役職に一歩近づくなら、何を選びますか？,社会属性の把握
社会属性,学歴,DIRECT,学歴について、今はどんな感じなんですか？,社会属性の把握
社会属性,学歴,DIRECT,今の学歴を一言でいうとどうなりますか？,社会属性の把握
社会属性,学歴,INDIRECT,普段の生活の中で学歴が見える場面ってあります？,社会属性の把握
社会属性,学歴,INDIRECT,人に話すとき、学歴はどう説明することが多いですか？,社会属性の把握
社会属性,学歴,ASSUMPTION,学歴はかなり積み上げてきた感じがありますね。,社会属性の把握
社会属性,学歴,ASSUMPTION,わりと学歴がはっきりしてるタイプですよね。,社会属性の把握
社会属性,学歴,COMPARISON,人によって学歴の考え方って違いますよね。ご自身はどんな感じですか？,社会属性の把握
社会属性,学歴,COMPARISON,周りと比べると、学歴は標準的な方ですか？,社会属性の把握
社会属性,学歴,PAST,今の学歴に至るまでで、大きなきっかけってありました？,社会属性の把握
社会属性,学歴,PAST,昔から学歴は同じ方向でした？,社会属性の把握
社会属性,学歴,SITUATIONAL,初対面で学歴を説明するとしたら、どう言います？,社会属性の把握
社会属性,学歴,SITUATIONAL,転機のタイミングで学歴を見直すことってありました？,社会属性の把握
社会属性,学歴,OBSERVATION,話していて、学歴がしっかりしてる印象です。,社会属性の把握
社会属性,学歴,OBSERVATION,学歴に対する解像度が高そうですね。,社会属性の把握
社会属性,学歴,HYPOTHETICAL,もし学歴を変えるなら、どの方向に寄せたいですか？,社会属性の把握
社会属性,学歴,HYPOTHETICAL,理想の学歴に一歩近づくなら、何を選びますか？,社会属性の把握
社会属性,専攻,DIRECT,専攻について、今はどんな感じなんですか？,社会属性の把握
社会属性,専攻,DIRECT,今の専攻を一言でいうとどうなりますか？,社会属性の把握
社会属性,専攻,INDIRECT,普段の生活の中で専攻が見える場面ってあります？,社会属性の把握
社会属性,専攻,INDIRECT,人に話すとき、専攻はどう説明することが多いですか？,社会属性の把握
社会属性,専攻,ASSUMPTION,専攻はかなり積み上げてきた感じがありますね。,社会属性の把握
社会属性,専攻,ASSUMPTION,わりと専攻がはっきりしてるタイプですよね。,社会属性の把握
社会属性,専攻,COMPARISON,人によって専攻の考え方って違いますよね。ご自身はどんな感じですか？,社会属性の把握
社会属性,専攻,COMPARISON,周りと比べると、専攻は標準的な方ですか？,社会属性の把握
社会属性,専攻,PAST,今の専攻に至るまでで、大きなきっかけってありました？,社会属性の把握
社会属性,専攻,PAST,昔から専攻は同じ方向でした？,社会属性の把握
社会属性,専攻,SITUATIONAL,初対面で専攻を説明するとしたら、どう言います？,社会属性の把握
社会属性,専攻,SITUATIONAL,転機のタイミングで専攻を見直すことってありました？,社会属性の把握
社会属性,専攻,OBSERVATION,話していて、専攻がしっかりしてる印象です。,社会属性の把握
社会属性,専攻,OBSERVATION,専攻に対する解像度が高そうですね。,社会属性の把握
社会属性,専攻,HYPOTHETICAL,もし専攻を変えるなら、どの方向に寄せたいですか？,社会属性の把握
社会属性,専攻,HYPOTHETICAL,理想の専攻に一歩近づくなら、何を選びますか？,社会属性の把握
社会属性,キャリア年数,DIRECT,キャリア年数について、今はどんな感じなんですか？,社会属性の把握
社会属性,キャリア年数,DIRECT,今のキャリア年数を一言でいうとどうなりますか？,社会属性の把握
社会属性,キャリア年数,INDIRECT,普段の生活の中でキャリア年数が見える場面ってあります？,社会属性の把握
社会属性,キャリア年数,INDIRECT,人に話すとき、キャリア年数はどう説明することが多いですか？,社会属性の把握
社会属性,キャリア年数,ASSUMPTION,キャリア年数はかなり積み上げてきた感じがありますね。,社会属性の把握
社会属性,キャリア年数,ASSUMPTION,わりとキャリア年数がはっきりしてるタイプですよね。,社会属性の把握
社会属性,キャリア年数,COMPARISON,人によってキャリア年数の考え方って違いますよね。ご自身はどんな感じですか？,社会属性の把握
社会属性,キャリア年数,COMPARISON,周りと比べると、キャリア年数は標準的な方ですか？,社会属性の把握
社会属性,キャリア年数,PAST,今のキャリア年数に至るまでで、大きなきっかけってありました？,社会属性の把握
社会属性,キャリア年数,PAST,昔からキャリア年数は同じ方向でした？,社会属性の把握
社会属性,キャリア年数,SITUATIONAL,初対面でキャリア年数を説明するとしたら、どう言います？,社会属性の把握
社会属性,キャリア年数,SITUATIONAL,転機のタイミングでキャリア年数を見直すことってありました？,社会属性の把握
社会属性,キャリア年数,OBSERVATION,話していて、キャリア年数がしっかりしてる印象です。,社会属性の把握
社会属性,キャリア年数,OBSERVATION,キャリア年数に対する解像度が高そうですね。,社会属性の把握
社会属性,キャリア年数,HYPOTHETICAL,もしキャリア年数を変えるなら、どの方向に寄せたいですか？,社会属性の把握
社会属性,キャリア年数,HYPOTHETICAL,理想のキャリア年数に一歩近づくなら、何を選びますか？,社会属性の把握
社会属性,収入層,DIRECT,収入層について、今はどんな感じなんですか？,社会属性の把握
社会属性,収入層,DIRECT,今の収入層を一言でいうとどうなりますか？,社会属性の把握
社会属性,収入層,INDIRECT,普段の生活の中で収入層が見える場面ってあります？,社会属性の把握
社会属性,収入層,INDIRECT,人に話すとき、収入層はどう説明することが多いですか？,社会属性の把握
社会属性,収入層,ASSUMPTION,収入層はかなり積み上げてきた感じがありますね。,社会属性の把握
社会属性,収入層,ASSUMPTION,わりと収入層がはっきりしてるタイプですよね。,社会属性の把握
社会属性,収入層,COMPARISON,人によって収入層の考え方って違いますよね。ご自身はどんな感じですか？,社会属性の把握
社会属性,収入層,COMPARISON,周りと比べると、収入層は標準的な方ですか？,社会属性の把握
社会属性,収入層,PAST,今の収入層に至るまでで、大きなきっかけってありました？,社会属性の把握
社会属性,収入層,PAST,昔から収入層は同じ方向でした？,社会属性の把握
社会属性,収入層,SITUATIONAL,初対面で収入層を説明するとしたら、どう言います？,社会属性の把握
社会属性,収入層,SITUATIONAL,転機のタイミングで収入層を見直すことってありました？,社会属性の把握
社会属性,収入層,OBSERVATION,話していて、収入層がしっかりしてる印象です。,社会属性の把握
社会属性,収入層,OBSERVATION,収入層に対する解像度が高そうですね。,社会属性の把握
社会属性,収入層,HYPOTHETICAL,もし収入層を変えるなら、どの方向に寄せたいですか？,社会属性の把握
社会属性,収入層,HYPOTHETICAL,理想の収入層に一歩近づくなら、何を選びますか？,社会属性の把握
家族背景,家族構成,DIRECT,家族構成って、差し支えない範囲でどんな感じですか？,家族背景の把握
家族背景,家族構成,DIRECT,家のことだと、家族構成はどんなふうに説明できますか？,家族背景の把握
家族背景,家族構成,INDIRECT,家の話って普段どのくらいします？,家族背景の把握
家族背景,家族構成,INDIRECT,育った環境のことを振り返ると、家族構成は印象に残ってますか？,家族背景の把握
家族背景,家族構成,ASSUMPTION,家族構成は今の考え方にも少し影響してそうですね。,家族背景の把握
家族背景,家族構成,ASSUMPTION,ご家庭の家族構成はわりと特徴がありそうですね。,家族背景の把握
家族背景,家族構成,COMPARISON,家庭って人によって距離感が違いますよね。家族構成はどんな感じでした？,家族背景の把握
家族背景,家族構成,COMPARISON,周りと比べると、家族構成は近い方でしたか？,家族背景の把握
家族背景,家族構成,PAST,子どもの頃の家族構成で覚えていることってあります？,家族背景の把握
家族背景,家族構成,PAST,昔のご家庭の家族構成って、今思うとどうでした？,家族背景の把握
家族背景,家族構成,SITUATIONAL,誰かに家のことを話すなら、家族構成はどう伝えますか？,家族背景の把握
家族背景,家族構成,SITUATIONAL,年末年始みたいな時期に家族構成は出やすいですか？,家族背景の把握
家族背景,家族構成,OBSERVATION,家の話になると、家族構成が大事そうに見えます。,家族背景の把握
家族背景,家族構成,OBSERVATION,話し方から、家族構成に温度感がありますね。,家族背景の把握
家族背景,家族構成,HYPOTHETICAL,もし家族のあり方を一つ選べるなら、家族構成はどうしたいですか？,家族背景の把握
家族背景,家族構成,HYPOTHETICAL,今後家族構成が変わるとしたら、どんな方向が理想ですか？,家族背景の把握
家族背景,両親関係,DIRECT,両親関係って、差し支えない範囲でどんな感じですか？,家族背景の把握
家族背景,両親関係,DIRECT,家のことだと、両親関係はどんなふうに説明できますか？,家族背景の把握
家族背景,両親関係,INDIRECT,家の話って普段どのくらいします？,家族背景の把握
家族背景,両親関係,INDIRECT,育った環境のことを振り返ると、両親関係は印象に残ってますか？,家族背景の把握
家族背景,両親関係,ASSUMPTION,両親関係は今の考え方にも少し影響してそうですね。,家族背景の把握
家族背景,両親関係,ASSUMPTION,ご家庭の両親関係はわりと特徴がありそうですね。,家族背景の把握
家族背景,両親関係,COMPARISON,家庭って人によって距離感が違いますよね。両親関係はどんな感じでした？,家族背景の把握
家族背景,両親関係,COMPARISON,周りと比べると、両親関係は近い方でしたか？,家族背景の把握
家族背景,両親関係,PAST,子どもの頃の両親関係で覚えていることってあります？,家族背景の把握
家族背景,両親関係,PAST,昔のご家庭の両親関係って、今思うとどうでした？,家族背景の把握
家族背景,両親関係,SITUATIONAL,誰かに家のことを話すなら、両親関係はどう伝えますか？,家族背景の把握
家族背景,両親関係,SITUATIONAL,年末年始みたいな時期に両親関係は出やすいですか？,家族背景の把握
家族背景,両親関係,OBSERVATION,家の話になると、両親関係が大事そうに見えます。,家族背景の把握
家族背景,両親関係,OBSERVATION,話し方から、両親関係に温度感がありますね。,家族背景の把握
家族背景,両親関係,HYPOTHETICAL,もし家族のあり方を一つ選べるなら、両親関係はどうしたいですか？,家族背景の把握
家族背景,両親関係,HYPOTHETICAL,今後両親関係が変わるとしたら、どんな方向が理想ですか？,家族背景の把握
家族背景,兄弟姉妹,DIRECT,兄弟姉妹って、差し支えない範囲でどんな感じですか？,家族背景の把握
家族背景,兄弟姉妹,DIRECT,家のことだと、兄弟姉妹はどんなふうに説明できますか？,家族背景の把握
家族背景,兄弟姉妹,INDIRECT,家の話って普段どのくらいします？,家族背景の把握
家族背景,兄弟姉妹,INDIRECT,育った環境のことを振り返ると、兄弟姉妹は印象に残ってますか？,家族背景の把握
家族背景,兄弟姉妹,ASSUMPTION,兄弟姉妹は今の考え方にも少し影響してそうですね。,家族背景の把握
家族背景,兄弟姉妹,ASSUMPTION,ご家庭の兄弟姉妹はわりと特徴がありそうですね。,家族背景の把握
家族背景,兄弟姉妹,COMPARISON,家庭って人によって距離感が違いますよね。兄弟姉妹はどんな感じでした？,家族背景の把握
家族背景,兄弟姉妹,COMPARISON,周りと比べると、兄弟姉妹は近い方でしたか？,家族背景の把握
家族背景,兄弟姉妹,PAST,子どもの頃の兄弟姉妹で覚えていることってあります？,家族背景の把握
家族背景,兄弟姉妹,PAST,昔のご家庭の兄弟姉妹って、今思うとどうでした？,家族背景の把握
家族背景,兄弟姉妹,SITUATIONAL,誰かに家のことを話すなら、兄弟姉妹はどう伝えますか？,家族背景の把握
家族背景,兄弟姉妹,SITUATIONAL,年末年始みたいな時期に兄弟姉妹は出やすいですか？,家族背景の把握
家族背景,兄弟姉妹,OBSERVATION,家の話になると、兄弟姉妹が大事そうに見えます。,家族背景の把握
家族背景,兄弟姉妹,OBSERVATION,話し方から、兄弟姉妹に温度感がありますね。,家族背景の把握
家族背景,兄弟姉妹,HYPOTHETICAL,もし家族のあり方を一つ選べるなら、兄弟姉妹はどうしたいですか？,家族背景の把握
家族背景,兄弟姉妹,HYPOTHETICAL,今後兄弟姉妹が変わるとしたら、どんな方向が理想ですか？,家族背景の把握
家族背景,結婚状況,DIRECT,結婚状況って、差し支えない範囲でどんな感じですか？,家族背景の把握
家族背景,結婚状況,DIRECT,家のことだと、結婚状況はどんなふうに説明できますか？,家族背景の把握
家族背景,結婚状況,INDIRECT,家の話って普段どのくらいします？,家族背景の把握
家族背景,結婚状況,INDIRECT,育った環境のことを振り返ると、結婚状況は印象に残ってますか？,家族背景の把握
家族背景,結婚状況,ASSUMPTION,結婚状況は今の考え方にも少し影響してそうですね。,家族背景の把握
家族背景,結婚状況,ASSUMPTION,ご家庭の結婚状況はわりと特徴がありそうですね。,家族背景の把握
家族背景,結婚状況,COMPARISON,家庭って人によって距離感が違いますよね。結婚状況はどんな感じでした？,家族背景の把握
家族背景,結婚状況,COMPARISON,周りと比べると、結婚状況は近い方でしたか？,家族背景の把握
家族背景,結婚状況,PAST,子どもの頃の結婚状況で覚えていることってあります？,家族背景の把握
家族背景,結婚状況,PAST,昔のご家庭の結婚状況って、今思うとどうでした？,家族背景の把握
家族背景,結婚状況,SITUATIONAL,誰かに家のことを話すなら、結婚状況はどう伝えますか？,家族背景の把握
家族背景,結婚状況,SITUATIONAL,年末年始みたいな時期に結婚状況は出やすいですか？,家族背景の把握
家族背景,結婚状況,OBSERVATION,家の話になると、結婚状況が大事そうに見えます。,家族背景の把握
家族背景,結婚状況,OBSERVATION,話し方から、結婚状況に温度感がありますね。,家族背景の把握
家族背景,結婚状況,HYPOTHETICAL,もし家族のあり方を一つ選べるなら、結婚状況はどうしたいですか？,家族背景の把握
家族背景,結婚状況,HYPOTHETICAL,今後結婚状況が変わるとしたら、どんな方向が理想ですか？,家族背景の把握
家族背景,子供,DIRECT,子供って、差し支えない範囲でどんな感じですか？,家族背景の把握
家族背景,子供,DIRECT,家のことだと、子供はどんなふうに説明できますか？,家族背景の把握
家族背景,子供,INDIRECT,家の話って普段どのくらいします？,家族背景の把握
家族背景,子供,INDIRECT,育った環境のことを振り返ると、子供は印象に残ってますか？,家族背景の把握
家族背景,子供,ASSUMPTION,子供は今の考え方にも少し影響してそうですね。,家族背景の把握
家族背景,子供,ASSUMPTION,ご家庭の子供はわりと特徴がありそうですね。,家族背景の把握
家族背景,子供,COMPARISON,家庭って人によって距離感が違いますよね。子供はどんな感じでした？,家族背景の把握
家族背景,子供,COMPARISON,周りと比べると、子供は近い方でしたか？,家族背景の把握
家族背景,子供,PAST,子どもの頃の子供で覚えていることってあります？,家族背景の把握
家族背景,子供,PAST,昔のご家庭の子供って、今思うとどうでした？,家族背景の把握
家族背景,子供,SITUATIONAL,誰かに家のことを話すなら、子供はどう伝えますか？,家族背景の把握
家族背景,子供,SITUATIONAL,年末年始みたいな時期に子供は出やすいですか？,家族背景の把握
家族背景,子供,OBSERVATION,家の話になると、子供が大事そうに見えます。,家族背景の把握
家族背景,子供,OBSERVATION,話し方から、子供に温度感がありますね。,家族背景の把握
家族背景,子供,HYPOTHETICAL,もし家族のあり方を一つ選べるなら、子供はどうしたいですか？,家族背景の把握
家族背景,子供,HYPOTHETICAL,今後子供が変わるとしたら、どんな方向が理想ですか？,家族背景の把握
家族背景,家庭環境,DIRECT,家庭環境って、差し支えない範囲でどんな感じですか？,家族背景の把握
家族背景,家庭環境,DIRECT,家のことだと、家庭環境はどんなふうに説明できますか？,家族背景の把握
家族背景,家庭環境,INDIRECT,家の話って普段どのくらいします？,家族背景の把握
家族背景,家庭環境,INDIRECT,育った環境のことを振り返ると、家庭環境は印象に残ってますか？,家族背景の把握
家族背景,家庭環境,ASSUMPTION,家庭環境は今の考え方にも少し影響してそうですね。,家族背景の把握
家族背景,家庭環境,ASSUMPTION,ご家庭の家庭環境はわりと特徴がありそうですね。,家族背景の把握
家族背景,家庭環境,COMPARISON,家庭って人によって距離感が違いますよね。家庭環境はどんな感じでした？,家族背景の把握
家族背景,家庭環境,COMPARISON,周りと比べると、家庭環境は近い方でしたか？,家族背景の把握
家族背景,家庭環境,PAST,子どもの頃の家庭環境で覚えていることってあります？,家族背景の把握
家族背景,家庭環境,PAST,昔のご家庭の家庭環境って、今思うとどうでした？,家族背景の把握
家族背景,家庭環境,SITUATIONAL,誰かに家のことを話すなら、家庭環境はどう伝えますか？,家族背景の把握
家族背景,家庭環境,SITUATIONAL,年末年始みたいな時期に家庭環境は出やすいですか？,家族背景の把握
家族背景,家庭環境,OBSERVATION,家の話になると、家庭環境が大事そうに見えます。,家族背景の把握
家族背景,家庭環境,OBSERVATION,話し方から、家庭環境に温度感がありますね。,家族背景の把握
家族背景,家庭環境,HYPOTHETICAL,もし家族のあり方を一つ選べるなら、家庭環境はどうしたいですか？,家族背景の把握
家族背景,家庭環境,HYPOTHETICAL,今後家庭環境が変わるとしたら、どんな方向が理想ですか？,家族背景の把握
性格,BigFiveメモ,DIRECT,自分ではBigFiveメモって強い方だと思います？,性格傾向の推定
性格,BigFiveメモ,DIRECT,BigFiveメモについて、周りから言われることってあります？,性格傾向の推定
性格,BigFiveメモ,INDIRECT,普段の行動でBigFiveメモが出る場面ってあります？,性格傾向の推定
性格,BigFiveメモ,INDIRECT,人といるとき、BigFiveメモって自然に出る方ですか？,性格傾向の推定
性格,BigFiveメモ,ASSUMPTION,なんとなくBigFiveメモは高そうな感じがします。,性格傾向の推定
性格,BigFiveメモ,ASSUMPTION,話していて、BigFiveメモが結構はっきりしてますね。,性格傾向の推定
性格,BigFiveメモ,COMPARISON,人によってBigFiveメモってかなり差がありますよね。自分はどちら寄りですか？,性格傾向の推定
性格,BigFiveメモ,COMPARISON,周りと比べると、BigFiveメモは強めだと思います？,性格傾向の推定
性格,BigFiveメモ,PAST,昔からBigFiveメモは変わらない方でした？,性格傾向の推定
性格,BigFiveメモ,PAST,子どもの頃にもBigFiveメモって出てました？,性格傾向の推定
性格,BigFiveメモ,SITUATIONAL,忙しいときってBigFiveメモは出やすいですか？,性格傾向の推定
性格,BigFiveメモ,SITUATIONAL,初対面の場だとBigFiveメモはどう出ますか？,性格傾向の推定
性格,BigFiveメモ,OBSERVATION,会話していると、BigFiveメモが自然に見えます。,性格傾向の推定
性格,BigFiveメモ,OBSERVATION,今の受け答えにもBigFiveメモが出てますね。,性格傾向の推定
性格,BigFiveメモ,HYPOTHETICAL,もし今よりBigFiveメモを強めるなら、何を変えたいですか？,性格傾向の推定
性格,BigFiveメモ,HYPOTHETICAL,理想の自分に近づくとしたら、BigFiveメモはどうなっていたいですか？,性格傾向の推定
性格,外向性,DIRECT,自分では外向性って強い方だと思います？,性格傾向の推定
性格,外向性,DIRECT,外向性について、周りから言われることってあります？,性格傾向の推定
性格,外向性,INDIRECT,普段の行動で外向性が出る場面ってあります？,性格傾向の推定
性格,外向性,INDIRECT,人といるとき、外向性って自然に出る方ですか？,性格傾向の推定
性格,外向性,ASSUMPTION,なんとなく外向性は高そうな感じがします。,性格傾向の推定
性格,外向性,ASSUMPTION,話していて、外向性が結構はっきりしてますね。,性格傾向の推定
性格,外向性,COMPARISON,人によって外向性ってかなり差がありますよね。自分はどちら寄りですか？,性格傾向の推定
性格,外向性,COMPARISON,周りと比べると、外向性は強めだと思います？,性格傾向の推定
性格,外向性,PAST,昔から外向性は変わらない方でした？,性格傾向の推定
性格,外向性,PAST,子どもの頃にも外向性って出てました？,性格傾向の推定
性格,外向性,SITUATIONAL,忙しいときって外向性は出やすいですか？,性格傾向の推定
性格,外向性,SITUATIONAL,初対面の場だと外向性はどう出ますか？,性格傾向の推定
性格,外向性,OBSERVATION,会話していると、外向性が自然に見えます。,性格傾向の推定
性格,外向性,OBSERVATION,今の受け答えにも外向性が出てますね。,性格傾向の推定
性格,外向性,HYPOTHETICAL,もし今より外向性を強めるなら、何を変えたいですか？,性格傾向の推定
性格,外向性,HYPOTHETICAL,理想の自分に近づくとしたら、外向性はどうなっていたいですか？,性格傾向の推定
性格,協調性,DIRECT,自分では協調性って強い方だと思います？,性格傾向の推定
性格,協調性,DIRECT,協調性について、周りから言われることってあります？,性格傾向の推定
性格,協調性,INDIRECT,普段の行動で協調性が出る場面ってあります？,性格傾向の推定
性格,協調性,INDIRECT,人といるとき、協調性って自然に出る方ですか？,性格傾向の推定
性格,協調性,ASSUMPTION,なんとなく協調性は高そうな感じがします。,性格傾向の推定
性格,協調性,ASSUMPTION,話していて、協調性が結構はっきりしてますね。,性格傾向の推定
性格,協調性,COMPARISON,人によって協調性ってかなり差がありますよね。自分はどちら寄りですか？,性格傾向の推定
性格,協調性,COMPARISON,周りと比べると、協調性は強めだと思います？,性格傾向の推定
性格,協調性,PAST,昔から協調性は変わらない方でした？,性格傾向の推定
性格,協調性,PAST,子どもの頃にも協調性って出てました？,性格傾向の推定
性格,協調性,SITUATIONAL,忙しいときって協調性は出やすいですか？,性格傾向の推定
性格,協調性,SITUATIONAL,初対面の場だと協調性はどう出ますか？,性格傾向の推定
性格,協調性,OBSERVATION,会話していると、協調性が自然に見えます。,性格傾向の推定
性格,協調性,OBSERVATION,今の受け答えにも協調性が出てますね。,性格傾向の推定
性格,協調性,HYPOTHETICAL,もし今より協調性を強めるなら、何を変えたいですか？,性格傾向の推定
性格,協調性,HYPOTHETICAL,理想の自分に近づくとしたら、協調性はどうなっていたいですか？,性格傾向の推定
性格,誠実性,DIRECT,自分では誠実性って強い方だと思います？,性格傾向の推定
性格,誠実性,DIRECT,誠実性について、周りから言われることってあります？,性格傾向の推定
性格,誠実性,INDIRECT,普段の行動で誠実性が出る場面ってあります？,性格傾向の推定
性格,誠実性,INDIRECT,人といるとき、誠実性って自然に出る方ですか？,性格傾向の推定
性格,誠実性,ASSUMPTION,なんとなく誠実性は高そうな感じがします。,性格傾向の推定
性格,誠実性,ASSUMPTION,話していて、誠実性が結構はっきりしてますね。,性格傾向の推定
性格,誠実性,COMPARISON,人によって誠実性ってかなり差がありますよね。自分はどちら寄りですか？,性格傾向の推定
性格,誠実性,COMPARISON,周りと比べると、誠実性は強めだと思います？,性格傾向の推定
性格,誠実性,PAST,昔から誠実性は変わらない方でした？,性格傾向の推定
性格,誠実性,PAST,子どもの頃にも誠実性って出てました？,性格傾向の推定
性格,誠実性,SITUATIONAL,忙しいときって誠実性は出やすいですか？,性格傾向の推定
性格,誠実性,SITUATIONAL,初対面の場だと誠実性はどう出ますか？,性格傾向の推定
性格,誠実性,OBSERVATION,会話していると、誠実性が自然に見えます。,性格傾向の推定
性格,誠実性,OBSERVATION,今の受け答えにも誠実性が出てますね。,性格傾向の推定
性格,誠実性,HYPOTHETICAL,もし今より誠実性を強めるなら、何を変えたいですか？,性格傾向の推定
性格,誠実性,HYPOTHETICAL,理想の自分に近づくとしたら、誠実性はどうなっていたいですか？,性格傾向の推定
性格,神経症傾向,DIRECT,自分では神経症傾向って強い方だと思います？,性格傾向の推定
性格,神経症傾向,DIRECT,神経症傾向について、周りから言われることってあります？,性格傾向の推定
性格,神経症傾向,INDIRECT,普段の行動で神経症傾向が出る場面ってあります？,性格傾向の推定
性格,神経症傾向,INDIRECT,人といるとき、神経症傾向って自然に出る方ですか？,性格傾向の推定
性格,神経症傾向,ASSUMPTION,なんとなく神経症傾向は高そうな感じがします。,性格傾向の推定
性格,神経症傾向,ASSUMPTION,話していて、神経症傾向が結構はっきりしてますね。,性格傾向の推定
性格,神経症傾向,COMPARISON,人によって神経症傾向ってかなり差がありますよね。自分はどちら寄りですか？,性格傾向の推定
性格,神経症傾向,COMPARISON,周りと比べると、神経症傾向は強めだと思います？,性格傾向の推定
性格,神経症傾向,PAST,昔から神経症傾向は変わらない方でした？,性格傾向の推定
性格,神経症傾向,PAST,子どもの頃にも神経症傾向って出てました？,性格傾向の推定
性格,神経症傾向,SITUATIONAL,忙しいときって神経症傾向は出やすいですか？,性格傾向の推定
性格,神経症傾向,SITUATIONAL,初対面の場だと神経症傾向はどう出ますか？,性格傾向の推定
性格,神経症傾向,OBSERVATION,会話していると、神経症傾向が自然に見えます。,性格傾向の推定
性格,神経症傾向,OBSERVATION,今の受け答えにも神経症傾向が出てますね。,性格傾向の推定
性格,神経症傾向,HYPOTHETICAL,もし今より神経症傾向を強めるなら、何を変えたいですか？,性格傾向の推定
性格,神経症傾向,HYPOTHETICAL,理想の自分に近づくとしたら、神経症傾向はどうなっていたいですか？,性格傾向の推定
性格,開放性,DIRECT,自分では開放性って強い方だと思います？,性格傾向の推定
性格,開放性,DIRECT,開放性について、周りから言われることってあります？,性格傾向の推定
性格,開放性,INDIRECT,普段の行動で開放性が出る場面ってあります？,性格傾向の推定
性格,開放性,INDIRECT,人といるとき、開放性って自然に出る方ですか？,性格傾向の推定
性格,開放性,ASSUMPTION,なんとなく開放性は高そうな感じがします。,性格傾向の推定
性格,開放性,ASSUMPTION,話していて、開放性が結構はっきりしてますね。,性格傾向の推定
性格,開放性,COMPARISON,人によって開放性ってかなり差がありますよね。自分はどちら寄りですか？,性格傾向の推定
性格,開放性,COMPARISON,周りと比べると、開放性は強めだと思います？,性格傾向の推定
性格,開放性,PAST,昔から開放性は変わらない方でした？,性格傾向の推定
性格,開放性,PAST,子どもの頃にも開放性って出てました？,性格傾向の推定
性格,開放性,SITUATIONAL,忙しいときって開放性は出やすいですか？,性格傾向の推定
性格,開放性,SITUATIONAL,初対面の場だと開放性はどう出ますか？,性格傾向の推定
性格,開放性,OBSERVATION,会話していると、開放性が自然に見えます。,性格傾向の推定
性格,開放性,OBSERVATION,今の受け答えにも開放性が出てますね。,性格傾向の推定
性格,開放性,HYPOTHETICAL,もし今より開放性を強めるなら、何を変えたいですか？,性格傾向の推定
性格,開放性,HYPOTHETICAL,理想の自分に近づくとしたら、開放性はどうなっていたいですか？,性格傾向の推定
性格,承認欲求,DIRECT,自分では承認欲求って強い方だと思います？,性格傾向の推定
性格,承認欲求,DIRECT,承認欲求について、周りから言われることってあります？,性格傾向の推定
性格,承認欲求,INDIRECT,普段の行動で承認欲求が出る場面ってあります？,性格傾向の推定
性格,承認欲求,INDIRECT,人といるとき、承認欲求って自然に出る方ですか？,性格傾向の推定
性格,承認欲求,ASSUMPTION,なんとなく承認欲求は高そうな感じがします。,性格傾向の推定
性格,承認欲求,ASSUMPTION,話していて、承認欲求が結構はっきりしてますね。,性格傾向の推定
性格,承認欲求,COMPARISON,人によって承認欲求ってかなり差がありますよね。自分はどちら寄りですか？,性格傾向の推定
性格,承認欲求,COMPARISON,周りと比べると、承認欲求は強めだと思います？,性格傾向の推定
性格,承認欲求,PAST,昔から承認欲求は変わらない方でした？,性格傾向の推定
性格,承認欲求,PAST,子どもの頃にも承認欲求って出てました？,性格傾向の推定
性格,承認欲求,SITUATIONAL,忙しいときって承認欲求は出やすいですか？,性格傾向の推定
性格,承認欲求,SITUATIONAL,初対面の場だと承認欲求はどう出ますか？,性格傾向の推定
性格,承認欲求,OBSERVATION,会話していると、承認欲求が自然に見えます。,性格傾向の推定
性格,承認欲求,OBSERVATION,今の受け答えにも承認欲求が出てますね。,性格傾向の推定
性格,承認欲求,HYPOTHETICAL,もし今より承認欲求を強めるなら、何を変えたいですか？,性格傾向の推定
性格,承認欲求,HYPOTHETICAL,理想の自分に近づくとしたら、承認欲求はどうなっていたいですか？,性格傾向の推定
性格,完璧主義,DIRECT,自分では完璧主義って強い方だと思います？,性格傾向の推定
性格,完璧主義,DIRECT,完璧主義について、周りから言われることってあります？,性格傾向の推定
性格,完璧主義,INDIRECT,普段の行動で完璧主義が出る場面ってあります？,性格傾向の推定
性格,完璧主義,INDIRECT,人といるとき、完璧主義って自然に出る方ですか？,性格傾向の推定
性格,完璧主義,ASSUMPTION,なんとなく完璧主義は高そうな感じがします。,性格傾向の推定
性格,完璧主義,ASSUMPTION,話していて、完璧主義が結構はっきりしてますね。,性格傾向の推定
性格,完璧主義,COMPARISON,人によって完璧主義ってかなり差がありますよね。自分はどちら寄りですか？,性格傾向の推定
性格,完璧主義,COMPARISON,周りと比べると、完璧主義は強めだと思います？,性格傾向の推定
性格,完璧主義,PAST,昔から完璧主義は変わらない方でした？,性格傾向の推定
性格,完璧主義,PAST,子どもの頃にも完璧主義って出てました？,性格傾向の推定
性格,完璧主義,SITUATIONAL,忙しいときって完璧主義は出やすいですか？,性格傾向の推定
性格,完璧主義,SITUATIONAL,初対面の場だと完璧主義はどう出ますか？,性格傾向の推定
性格,完璧主義,OBSERVATION,会話していると、完璧主義が自然に見えます。,性格傾向の推定
性格,完璧主義,OBSERVATION,今の受け答えにも完璧主義が出てますね。,性格傾向の推定
性格,完璧主義,HYPOTHETICAL,もし今より完璧主義を強めるなら、何を変えたいですか？,性格傾向の推定
性格,完璧主義,HYPOTHETICAL,理想の自分に近づくとしたら、完璧主義はどうなっていたいですか？,性格傾向の推定
性格,共感性,DIRECT,自分では共感性って強い方だと思います？,性格傾向の推定
性格,共感性,DIRECT,共感性について、周りから言われることってあります？,性格傾向の推定
性格,共感性,INDIRECT,普段の行動で共感性が出る場面ってあります？,性格傾向の推定
性格,共感性,INDIRECT,人といるとき、共感性って自然に出る方ですか？,性格傾向の推定
性格,共感性,ASSUMPTION,なんとなく共感性は高そうな感じがします。,性格傾向の推定
性格,共感性,ASSUMPTION,話していて、共感性が結構はっきりしてますね。,性格傾向の推定
性格,共感性,COMPARISON,人によって共感性ってかなり差がありますよね。自分はどちら寄りですか？,性格傾向の推定
性格,共感性,COMPARISON,周りと比べると、共感性は強めだと思います？,性格傾向の推定
性格,共感性,PAST,昔から共感性は変わらない方でした？,性格傾向の推定
性格,共感性,PAST,子どもの頃にも共感性って出てました？,性格傾向の推定
性格,共感性,SITUATIONAL,忙しいときって共感性は出やすいですか？,性格傾向の推定
性格,共感性,SITUATIONAL,初対面の場だと共感性はどう出ますか？,性格傾向の推定
性格,共感性,OBSERVATION,会話していると、共感性が自然に見えます。,性格傾向の推定
性格,共感性,OBSERVATION,今の受け答えにも共感性が出てますね。,性格傾向の推定
性格,共感性,HYPOTHETICAL,もし今より共感性を強めるなら、何を変えたいですか？,性格傾向の推定
性格,共感性,HYPOTHETICAL,理想の自分に近づくとしたら、共感性はどうなっていたいですか？,性格傾向の推定
思考スタイル,論理 / 直感,DIRECT,物事を考えるとき、論理 / 直感はどちら寄りだと思います？,思考スタイルの推定
思考スタイル,論理 / 直感,DIRECT,自分の考え方だと、論理 / 直感って特徴ありますか？,思考スタイルの推定
思考スタイル,論理 / 直感,INDIRECT,何か決める前って、まず何から考えることが多いですか？,思考スタイルの推定
思考スタイル,論理 / 直感,INDIRECT,意見が分かれる話って、どう整理することが多いですか？,思考スタイルの推定
思考スタイル,論理 / 直感,ASSUMPTION,論理 / 直感はかなりはっきりしてそうですね。,思考スタイルの推定
思考スタイル,論理 / 直感,ASSUMPTION,考え方に論理 / 直感が出やすいタイプですか？,思考スタイルの推定
思考スタイル,論理 / 直感,COMPARISON,考えてから動く人と、動きながら考える人っていますよね。自分はどちら寄りですか？,思考スタイルの推定
思考スタイル,論理 / 直感,COMPARISON,人によって論理 / 直感の癖って違いますよね。どんな感じですか？,思考スタイルの推定
思考スタイル,論理 / 直感,PAST,昔から論理 / 直感は変わらないですか？,思考スタイルの推定
思考スタイル,論理 / 直感,PAST,学生の頃から考え方に論理 / 直感は出ていました？,思考スタイルの推定
思考スタイル,論理 / 直感,SITUATIONAL,急に判断が必要なとき、論理 / 直感はどう出ますか？,思考スタイルの推定
思考スタイル,論理 / 直感,SITUATIONAL,複雑な話を聞いたとき、論理 / 直感はどのように働きますか？,思考スタイルの推定
思考スタイル,論理 / 直感,OBSERVATION,話を整理する感じに論理 / 直感が出ていますね。,思考スタイルの推定
思考スタイル,論理 / 直感,OBSERVATION,受け答えから、論理 / 直感が見えやすいですね。,思考スタイルの推定
思考スタイル,論理 / 直感,HYPOTHETICAL,もし新しい分野に入るなら、論理 / 直感はどう働きそうですか？,思考スタイルの推定
思考スタイル,論理 / 直感,HYPOTHETICAL,理想の考え方に寄せるなら、論理 / 直感はどう変えたいですか？,思考スタイルの推定
思考スタイル,抽象 / 具体,DIRECT,物事を考えるとき、抽象 / 具体はどちら寄りだと思います？,思考スタイルの推定
思考スタイル,抽象 / 具体,DIRECT,自分の考え方だと、抽象 / 具体って特徴ありますか？,思考スタイルの推定
思考スタイル,抽象 / 具体,INDIRECT,何か決める前って、まず何から考えることが多いですか？,思考スタイルの推定
思考スタイル,抽象 / 具体,INDIRECT,意見が分かれる話って、どう整理することが多いですか？,思考スタイルの推定
思考スタイル,抽象 / 具体,ASSUMPTION,抽象 / 具体はかなりはっきりしてそうですね。,思考スタイルの推定
思考スタイル,抽象 / 具体,ASSUMPTION,考え方に抽象 / 具体が出やすいタイプですか？,思考スタイルの推定
思考スタイル,抽象 / 具体,COMPARISON,考えてから動く人と、動きながら考える人っていますよね。自分はどちら寄りですか？,思考スタイルの推定
思考スタイル,抽象 / 具体,COMPARISON,人によって抽象 / 具体の癖って違いますよね。どんな感じですか？,思考スタイルの推定
思考スタイル,抽象 / 具体,PAST,昔から抽象 / 具体は変わらないですか？,思考スタイルの推定
思考スタイル,抽象 / 具体,PAST,学生の頃から考え方に抽象 / 具体は出ていました？,思考スタイルの推定
思考スタイル,抽象 / 具体,SITUATIONAL,急に判断が必要なとき、抽象 / 具体はどう出ますか？,思考スタイルの推定
思考スタイル,抽象 / 具体,SITUATIONAL,複雑な話を聞いたとき、抽象 / 具体はどのように働きますか？,思考スタイルの推定
思考スタイル,抽象 / 具体,OBSERVATION,話を整理する感じに抽象 / 具体が出ていますね。,思考スタイルの推定
思考スタイル,抽象 / 具体,OBSERVATION,受け答えから、抽象 / 具体が見えやすいですね。,思考スタイルの推定
思考スタイル,抽象 / 具体,HYPOTHETICAL,もし新しい分野に入るなら、抽象 / 具体はどう働きそうですか？,思考スタイルの推定
思考スタイル,抽象 / 具体,HYPOTHETICAL,理想の考え方に寄せるなら、抽象 / 具体はどう変えたいですか？,思考スタイルの推定
思考スタイル,分析志向,DIRECT,物事を考えるとき、分析志向はどちら寄りだと思います？,思考スタイルの推定
思考スタイル,分析志向,DIRECT,自分の考え方だと、分析志向って特徴ありますか？,思考スタイルの推定
思考スタイル,分析志向,INDIRECT,何か決める前って、まず何から考えることが多いですか？,思考スタイルの推定
思考スタイル,分析志向,INDIRECT,意見が分かれる話って、どう整理することが多いですか？,思考スタイルの推定
思考スタイル,分析志向,ASSUMPTION,分析志向はかなりはっきりしてそうですね。,思考スタイルの推定
思考スタイル,分析志向,ASSUMPTION,考え方に分析志向が出やすいタイプですか？,思考スタイルの推定
思考スタイル,分析志向,COMPARISON,考えてから動く人と、動きながら考える人っていますよね。自分はどちら寄りですか？,思考スタイルの推定
思考スタイル,分析志向,COMPARISON,人によって分析志向の癖って違いますよね。どんな感じですか？,思考スタイルの推定
思考スタイル,分析志向,PAST,昔から分析志向は変わらないですか？,思考スタイルの推定
思考スタイル,分析志向,PAST,学生の頃から考え方に分析志向は出ていました？,思考スタイルの推定
思考スタイル,分析志向,SITUATIONAL,急に判断が必要なとき、分析志向はどう出ますか？,思考スタイルの推定
思考スタイル,分析志向,SITUATIONAL,複雑な話を聞いたとき、分析志向はどのように働きますか？,思考スタイルの推定
思考スタイル,分析志向,OBSERVATION,話を整理する感じに分析志向が出ていますね。,思考スタイルの推定
思考スタイル,分析志向,OBSERVATION,受け答えから、分析志向が見えやすいですね。,思考スタイルの推定
思考スタイル,分析志向,HYPOTHETICAL,もし新しい分野に入るなら、分析志向はどう働きそうですか？,思考スタイルの推定
思考スタイル,分析志向,HYPOTHETICAL,理想の考え方に寄せるなら、分析志向はどう変えたいですか？,思考スタイルの推定
思考スタイル,判断速度,DIRECT,物事を考えるとき、判断速度はどちら寄りだと思います？,思考スタイルの推定
思考スタイル,判断速度,DIRECT,自分の考え方だと、判断速度って特徴ありますか？,思考スタイルの推定
思考スタイル,判断速度,INDIRECT,何か決める前って、まず何から考えることが多いですか？,思考スタイルの推定
思考スタイル,判断速度,INDIRECT,意見が分かれる話って、どう整理することが多いですか？,思考スタイルの推定
思考スタイル,判断速度,ASSUMPTION,判断速度はかなりはっきりしてそうですね。,思考スタイルの推定
思考スタイル,判断速度,ASSUMPTION,考え方に判断速度が出やすいタイプですか？,思考スタイルの推定
思考スタイル,判断速度,COMPARISON,考えてから動く人と、動きながら考える人っていますよね。自分はどちら寄りですか？,思考スタイルの推定
思考スタイル,判断速度,COMPARISON,人によって判断速度の癖って違いますよね。どんな感じですか？,思考スタイルの推定
思考スタイル,判断速度,PAST,昔から判断速度は変わらないですか？,思考スタイルの推定
思考スタイル,判断速度,PAST,学生の頃から考え方に判断速度は出ていました？,思考スタイルの推定
思考スタイル,判断速度,SITUATIONAL,急に判断が必要なとき、判断速度はどう出ますか？,思考スタイルの推定
思考スタイル,判断速度,SITUATIONAL,複雑な話を聞いたとき、判断速度はどのように働きますか？,思考スタイルの推定
思考スタイル,判断速度,OBSERVATION,話を整理する感じに判断速度が出ていますね。,思考スタイルの推定
思考スタイル,判断速度,OBSERVATION,受け答えから、判断速度が見えやすいですね。,思考スタイルの推定
思考スタイル,判断速度,HYPOTHETICAL,もし新しい分野に入るなら、判断速度はどう働きそうですか？,思考スタイルの推定
思考スタイル,判断速度,HYPOTHETICAL,理想の考え方に寄せるなら、判断速度はどう変えたいですか？,思考スタイルの推定
思考スタイル,認知バイアス傾向,DIRECT,物事を考えるとき、認知バイアス傾向はどちら寄りだと思います？,思考スタイルの推定
思考スタイル,認知バイアス傾向,DIRECT,自分の考え方だと、認知バイアス傾向って特徴ありますか？,思考スタイルの推定
思考スタイル,認知バイアス傾向,INDIRECT,何か決める前って、まず何から考えることが多いですか？,思考スタイルの推定
思考スタイル,認知バイアス傾向,INDIRECT,意見が分かれる話って、どう整理することが多いですか？,思考スタイルの推定
思考スタイル,認知バイアス傾向,ASSUMPTION,認知バイアス傾向はかなりはっきりしてそうですね。,思考スタイルの推定
思考スタイル,認知バイアス傾向,ASSUMPTION,考え方に認知バイアス傾向が出やすいタイプですか？,思考スタイルの推定
思考スタイル,認知バイアス傾向,COMPARISON,考えてから動く人と、動きながら考える人っていますよね。自分はどちら寄りですか？,思考スタイルの推定
思考スタイル,認知バイアス傾向,COMPARISON,人によって認知バイアス傾向の癖って違いますよね。どんな感じですか？,思考スタイルの推定
思考スタイル,認知バイアス傾向,PAST,昔から認知バイアス傾向は変わらないですか？,思考スタイルの推定
思考スタイル,認知バイアス傾向,PAST,学生の頃から考え方に認知バイアス傾向は出ていました？,思考スタイルの推定
思考スタイル,認知バイアス傾向,SITUATIONAL,急に判断が必要なとき、認知バイアス傾向はどう出ますか？,思考スタイルの推定
思考スタイル,認知バイアス傾向,SITUATIONAL,複雑な話を聞いたとき、認知バイアス傾向はどのように働きますか？,思考スタイルの推定
思考スタイル,認知バイアス傾向,OBSERVATION,話を整理する感じに認知バイアス傾向が出ていますね。,思考スタイルの推定
思考スタイル,認知バイアス傾向,OBSERVATION,受け答えから、認知バイアス傾向が見えやすいですね。,思考スタイルの推定
思考スタイル,認知バイアス傾向,HYPOTHETICAL,もし新しい分野に入るなら、認知バイアス傾向はどう働きそうですか？,思考スタイルの推定
思考スタイル,認知バイアス傾向,HYPOTHETICAL,理想の考え方に寄せるなら、認知バイアス傾向はどう変えたいですか？,思考スタイルの推定
思考スタイル,思考柔軟性,DIRECT,物事を考えるとき、思考柔軟性はどちら寄りだと思います？,思考スタイルの推定
思考スタイル,思考柔軟性,DIRECT,自分の考え方だと、思考柔軟性って特徴ありますか？,思考スタイルの推定
思考スタイル,思考柔軟性,INDIRECT,何か決める前って、まず何から考えることが多いですか？,思考スタイルの推定
思考スタイル,思考柔軟性,INDIRECT,意見が分かれる話って、どう整理することが多いですか？,思考スタイルの推定
思考スタイル,思考柔軟性,ASSUMPTION,思考柔軟性はかなりはっきりしてそうですね。,思考スタイルの推定
思考スタイル,思考柔軟性,ASSUMPTION,考え方に思考柔軟性が出やすいタイプですか？,思考スタイルの推定
思考スタイル,思考柔軟性,COMPARISON,考えてから動く人と、動きながら考える人っていますよね。自分はどちら寄りですか？,思考スタイルの推定
思考スタイル,思考柔軟性,COMPARISON,人によって思考柔軟性の癖って違いますよね。どんな感じですか？,思考スタイルの推定
思考スタイル,思考柔軟性,PAST,昔から思考柔軟性は変わらないですか？,思考スタイルの推定
思考スタイル,思考柔軟性,PAST,学生の頃から考え方に思考柔軟性は出ていました？,思考スタイルの推定
思考スタイル,思考柔軟性,SITUATIONAL,急に判断が必要なとき、思考柔軟性はどう出ますか？,思考スタイルの推定
思考スタイル,思考柔軟性,SITUATIONAL,複雑な話を聞いたとき、思考柔軟性はどのように働きますか？,思考スタイルの推定
思考スタイル,思考柔軟性,OBSERVATION,話を整理する感じに思考柔軟性が出ていますね。,思考スタイルの推定
思考スタイル,思考柔軟性,OBSERVATION,受け答えから、思考柔軟性が見えやすいですね。,思考スタイルの推定
思考スタイル,思考柔軟性,HYPOTHETICAL,もし新しい分野に入るなら、思考柔軟性はどう働きそうですか？,思考スタイルの推定
思考スタイル,思考柔軟性,HYPOTHETICAL,理想の考え方に寄せるなら、思考柔軟性はどう変えたいですか？,思考スタイルの推定
価値観,人生観,DIRECT,人生観って、自分の中ではどんな位置づけですか？,価値観の把握
価値観,人生観,DIRECT,人生観について、一番大事にしてることは何ですか？,価値観の把握
価値観,人生観,INDIRECT,何を選ぶか迷ったとき、人生観は基準になりますか？,価値観の把握
価値観,人生観,INDIRECT,普段の判断で人生観が出る場面ってありますか？,価値観の把握
価値観,人生観,ASSUMPTION,人生観はかなり大事にしてそうですね。,価値観の把握
価値観,人生観,ASSUMPTION,話を聞いていると、人生観に軸がありそうです。,価値観の把握
価値観,人生観,COMPARISON,人によって人生観の重さって違いますよね。自分は重い方ですか？,価値観の把握
価値観,人生観,COMPARISON,周りと比べると、人生観を気にする方だと思います？,価値観の把握
価値観,人生観,PAST,昔と比べて人生観の考え方って変わりました？,価値観の把握
価値観,人生観,PAST,若い頃から人生観は大事でした？,価値観の把握
価値観,人生観,SITUATIONAL,大事な選択の場面で、人生観はどのくらい影響しますか？,価値観の把握
価値観,人生観,SITUATIONAL,人と意見が割れたとき、人生観をどう扱いますか？,価値観の把握
価値観,人生観,OBSERVATION,話の端々に人生観が出ていますね。,価値観の把握
価値観,人生観,OBSERVATION,今の話を聞くと、人生観を大切にしている感じがあります。,価値観の把握
価値観,人生観,HYPOTHETICAL,もし全部自由に選べるなら、人生観はどう置きたいですか？,価値観の把握
価値観,人生観,HYPOTHETICAL,理想の暮らしを考えたとき、人生観はどの位置にありますか？,価値観の把握
価値観,幸福観,DIRECT,幸福観って、自分の中ではどんな位置づけですか？,価値観の把握
価値観,幸福観,DIRECT,幸福観について、一番大事にしてることは何ですか？,価値観の把握
価値観,幸福観,INDIRECT,何を選ぶか迷ったとき、幸福観は基準になりますか？,価値観の把握
価値観,幸福観,INDIRECT,普段の判断で幸福観が出る場面ってありますか？,価値観の把握
価値観,幸福観,ASSUMPTION,幸福観はかなり大事にしてそうですね。,価値観の把握
価値観,幸福観,ASSUMPTION,話を聞いていると、幸福観に軸がありそうです。,価値観の把握
価値観,幸福観,COMPARISON,人によって幸福観の重さって違いますよね。自分は重い方ですか？,価値観の把握
価値観,幸福観,COMPARISON,周りと比べると、幸福観を気にする方だと思います？,価値観の把握
価値観,幸福観,PAST,昔と比べて幸福観の考え方って変わりました？,価値観の把握
価値観,幸福観,PAST,若い頃から幸福観は大事でした？,価値観の把握
価値観,幸福観,SITUATIONAL,大事な選択の場面で、幸福観はどのくらい影響しますか？,価値観の把握
価値観,幸福観,SITUATIONAL,人と意見が割れたとき、幸福観をどう扱いますか？,価値観の把握
価値観,幸福観,OBSERVATION,話の端々に幸福観が出ていますね。,価値観の把握
価値観,幸福観,OBSERVATION,今の話を聞くと、幸福観を大切にしている感じがあります。,価値観の把握
価値観,幸福観,HYPOTHETICAL,もし全部自由に選べるなら、幸福観はどう置きたいですか？,価値観の把握
価値観,幸福観,HYPOTHETICAL,理想の暮らしを考えたとき、幸福観はどの位置にありますか？,価値観の把握
価値観,成功観,DIRECT,成功観って、自分の中ではどんな位置づけですか？,価値観の把握
価値観,成功観,DIRECT,成功観について、一番大事にしてることは何ですか？,価値観の把握
価値観,成功観,INDIRECT,何を選ぶか迷ったとき、成功観は基準になりますか？,価値観の把握
価値観,成功観,INDIRECT,普段の判断で成功観が出る場面ってありますか？,価値観の把握
価値観,成功観,ASSUMPTION,成功観はかなり大事にしてそうですね。,価値観の把握
価値観,成功観,ASSUMPTION,話を聞いていると、成功観に軸がありそうです。,価値観の把握
価値観,成功観,COMPARISON,人によって成功観の重さって違いますよね。自分は重い方ですか？,価値観の把握
価値観,成功観,COMPARISON,周りと比べると、成功観を気にする方だと思います？,価値観の把握
価値観,成功観,PAST,昔と比べて成功観の考え方って変わりました？,価値観の把握
価値観,成功観,PAST,若い頃から成功観は大事でした？,価値観の把握
価値観,成功観,SITUATIONAL,大事な選択の場面で、成功観はどのくらい影響しますか？,価値観の把握
価値観,成功観,SITUATIONAL,人と意見が割れたとき、成功観をどう扱いますか？,価値観の把握
価値観,成功観,OBSERVATION,話の端々に成功観が出ていますね。,価値観の把握
価値観,成功観,OBSERVATION,今の話を聞くと、成功観を大切にしている感じがあります。,価値観の把握
価値観,成功観,HYPOTHETICAL,もし全部自由に選べるなら、成功観はどう置きたいですか？,価値観の把握
価値観,成功観,HYPOTHETICAL,理想の暮らしを考えたとき、成功観はどの位置にありますか？,価値観の把握
価値観,労働観,DIRECT,労働観って、自分の中ではどんな位置づけですか？,価値観の把握
価値観,労働観,DIRECT,労働観について、一番大事にしてることは何ですか？,価値観の把握
価値観,労働観,INDIRECT,何を選ぶか迷ったとき、労働観は基準になりますか？,価値観の把握
価値観,労働観,INDIRECT,普段の判断で労働観が出る場面ってありますか？,価値観の把握
価値観,労働観,ASSUMPTION,労働観はかなり大事にしてそうですね。,価値観の把握
価値観,労働観,ASSUMPTION,話を聞いていると、労働観に軸がありそうです。,価値観の把握
価値観,労働観,COMPARISON,人によって労働観の重さって違いますよね。自分は重い方ですか？,価値観の把握
価値観,労働観,COMPARISON,周りと比べると、労働観を気にする方だと思います？,価値観の把握
価値観,労働観,PAST,昔と比べて労働観の考え方って変わりました？,価値観の把握
価値観,労働観,PAST,若い頃から労働観は大事でした？,価値観の把握
価値観,労働観,SITUATIONAL,大事な選択の場面で、労働観はどのくらい影響しますか？,価値観の把握
価値観,労働観,SITUATIONAL,人と意見が割れたとき、労働観をどう扱いますか？,価値観の把握
価値観,労働観,OBSERVATION,話の端々に労働観が出ていますね。,価値観の把握
価値観,労働観,OBSERVATION,今の話を聞くと、労働観を大切にしている感じがあります。,価値観の把握
価値観,労働観,HYPOTHETICAL,もし全部自由に選べるなら、労働観はどう置きたいですか？,価値観の把握
価値観,労働観,HYPOTHETICAL,理想の暮らしを考えたとき、労働観はどの位置にありますか？,価値観の把握
価値観,家族観,DIRECT,家族観って、自分の中ではどんな位置づけですか？,価値観の把握
価値観,家族観,DIRECT,家族観について、一番大事にしてることは何ですか？,価値観の把握
価値観,家族観,INDIRECT,何を選ぶか迷ったとき、家族観は基準になりますか？,価値観の把握
価値観,家族観,INDIRECT,普段の判断で家族観が出る場面ってありますか？,価値観の把握
価値観,家族観,ASSUMPTION,家族観はかなり大事にしてそうですね。,価値観の把握
価値観,家族観,ASSUMPTION,話を聞いていると、家族観に軸がありそうです。,価値観の把握
価値観,家族観,COMPARISON,人によって家族観の重さって違いますよね。自分は重い方ですか？,価値観の把握
価値観,家族観,COMPARISON,周りと比べると、家族観を気にする方だと思います？,価値観の把握
価値観,家族観,PAST,昔と比べて家族観の考え方って変わりました？,価値観の把握
価値観,家族観,PAST,若い頃から家族観は大事でした？,価値観の把握
価値観,家族観,SITUATIONAL,大事な選択の場面で、家族観はどのくらい影響しますか？,価値観の把握
価値観,家族観,SITUATIONAL,人と意見が割れたとき、家族観をどう扱いますか？,価値観の把握
価値観,家族観,OBSERVATION,話の端々に家族観が出ていますね。,価値観の把握
価値観,家族観,OBSERVATION,今の話を聞くと、家族観を大切にしている感じがあります。,価値観の把握
価値観,家族観,HYPOTHETICAL,もし全部自由に選べるなら、家族観はどう置きたいですか？,価値観の把握
価値観,家族観,HYPOTHETICAL,理想の暮らしを考えたとき、家族観はどの位置にありますか？,価値観の把握
価値観,富の価値観,DIRECT,富の価値観って、自分の中ではどんな位置づけですか？,価値観の把握
価値観,富の価値観,DIRECT,富の価値観について、一番大事にしてることは何ですか？,価値観の把握
価値観,富の価値観,INDIRECT,何を選ぶか迷ったとき、富の価値観は基準になりますか？,価値観の把握
価値観,富の価値観,INDIRECT,普段の判断で富の価値観が出る場面ってありますか？,価値観の把握
価値観,富の価値観,ASSUMPTION,富の価値観はかなり大事にしてそうですね。,価値観の把握
価値観,富の価値観,ASSUMPTION,話を聞いていると、富の価値観に軸がありそうです。,価値観の把握
価値観,富の価値観,COMPARISON,人によって富の価値観の重さって違いますよね。自分は重い方ですか？,価値観の把握
価値観,富の価値観,COMPARISON,周りと比べると、富の価値観を気にする方だと思います？,価値観の把握
価値観,富の価値観,PAST,昔と比べて富の価値観の考え方って変わりました？,価値観の把握
価値観,富の価値観,PAST,若い頃から富の価値観は大事でした？,価値観の把握
価値観,富の価値観,SITUATIONAL,大事な選択の場面で、富の価値観はどのくらい影響しますか？,価値観の把握
価値観,富の価値観,SITUATIONAL,人と意見が割れたとき、富の価値観をどう扱いますか？,価値観の把握
価値観,富の価値観,OBSERVATION,話の端々に富の価値観が出ていますね。,価値観の把握
価値観,富の価値観,OBSERVATION,今の話を聞くと、富の価値観を大切にしている感じがあります。,価値観の把握
価値観,富の価値観,HYPOTHETICAL,もし全部自由に選べるなら、富の価値観はどう置きたいですか？,価値観の把握
価値観,富の価値観,HYPOTHETICAL,理想の暮らしを考えたとき、富の価値観はどの位置にありますか？,価値観の把握
価値観,自由志向,DIRECT,自由志向って、自分の中ではどんな位置づけですか？,価値観の把握
価値観,自由志向,DIRECT,自由志向について、一番大事にしてることは何ですか？,価値観の把握
価値観,自由志向,INDIRECT,何を選ぶか迷ったとき、自由志向は基準になりますか？,価値観の把握
価値観,自由志向,INDIRECT,普段の判断で自由志向が出る場面ってありますか？,価値観の把握
価値観,自由志向,ASSUMPTION,自由志向はかなり大事にしてそうですね。,価値観の把握
価値観,自由志向,ASSUMPTION,話を聞いていると、自由志向に軸がありそうです。,価値観の把握
価値観,自由志向,COMPARISON,人によって自由志向の重さって違いますよね。自分は重い方ですか？,価値観の把握
価値観,自由志向,COMPARISON,周りと比べると、自由志向を気にする方だと思います？,価値観の把握
価値観,自由志向,PAST,昔と比べて自由志向の考え方って変わりました？,価値観の把握
価値観,自由志向,PAST,若い頃から自由志向は大事でした？,価値観の把握
価値観,自由志向,SITUATIONAL,大事な選択の場面で、自由志向はどのくらい影響しますか？,価値観の把握
価値観,自由志向,SITUATIONAL,人と意見が割れたとき、自由志向をどう扱いますか？,価値観の把握
価値観,自由志向,OBSERVATION,話の端々に自由志向が出ていますね。,価値観の把握
価値観,自由志向,OBSERVATION,今の話を聞くと、自由志向を大切にしている感じがあります。,価値観の把握
価値観,自由志向,HYPOTHETICAL,もし全部自由に選べるなら、自由志向はどう置きたいですか？,価値観の把握
価値観,自由志向,HYPOTHETICAL,理想の暮らしを考えたとき、自由志向はどの位置にありますか？,価値観の把握
思想,政治思想,DIRECT,政治思想について、普段どんな考えを持っていますか？,思想傾向の推定
思想,政治思想,DIRECT,政治思想の話題って興味ありますか？,思想傾向の推定
思想,政治思想,INDIRECT,最近のニュースで気になった話ってあります？,思想傾向の推定
思想,政治思想,INDIRECT,社会の話をするなら、どんなテーマが気になりますか？,思想傾向の推定
思想,政治思想,ASSUMPTION,政治思想にはわりと自分なりの考えがありそうですね。,思想傾向の推定
思想,政治思想,ASSUMPTION,社会を見る視点が、政治思想に出てそうですね。,思想傾向の推定
思想,政治思想,COMPARISON,人によって政治思想の見方ってかなり違いますよね。ご自身はどんな立場に近いですか？,思想傾向の推定
思想,政治思想,COMPARISON,まわりと比べて、政治思想への関心は高い方ですか？,思想傾向の推定
思想,政治思想,PAST,昔から政治思想には関心ありました？,思想傾向の推定
思想,政治思想,PAST,政治思想について考えるようになったきっかけってあります？,思想傾向の推定
思想,政治思想,SITUATIONAL,ニュースで政治思想が話題になったら、どこが一番気になりますか？,思想傾向の推定
思想,政治思想,SITUATIONAL,誰かと議論するとしたら、政治思想のどの論点から入りますか？,思想傾向の推定
思想,政治思想,OBSERVATION,社会の話をするとき、政治思想の視点が自然に入りますね。,思想傾向の推定
思想,政治思想,OBSERVATION,話しぶりに、政治思想への関心が見えますね。,思想傾向の推定
思想,政治思想,HYPOTHETICAL,もし一つ社会を変えられるなら、政治思想に関して何を変えたいですか？,思想傾向の推定
思想,政治思想,HYPOTHETICAL,理想の社会を考えるとき、政治思想はどうなっていてほしいですか？,思想傾向の推定
思想,経済思想,DIRECT,経済思想について、普段どんな考えを持っていますか？,思想傾向の推定
思想,経済思想,DIRECT,経済思想の話題って興味ありますか？,思想傾向の推定
思想,経済思想,INDIRECT,最近のニュースで気になった話ってあります？,思想傾向の推定
思想,経済思想,INDIRECT,社会の話をするなら、どんなテーマが気になりますか？,思想傾向の推定
思想,経済思想,ASSUMPTION,経済思想にはわりと自分なりの考えがありそうですね。,思想傾向の推定
思想,経済思想,ASSUMPTION,社会を見る視点が、経済思想に出てそうですね。,思想傾向の推定
思想,経済思想,COMPARISON,人によって経済思想の見方ってかなり違いますよね。ご自身はどんな立場に近いですか？,思想傾向の推定
思想,経済思想,COMPARISON,まわりと比べて、経済思想への関心は高い方ですか？,思想傾向の推定
思想,経済思想,PAST,昔から経済思想には関心ありました？,思想傾向の推定
思想,経済思想,PAST,経済思想について考えるようになったきっかけってあります？,思想傾向の推定
思想,経済思想,SITUATIONAL,ニュースで経済思想が話題になったら、どこが一番気になりますか？,思想傾向の推定
思想,経済思想,SITUATIONAL,誰かと議論するとしたら、経済思想のどの論点から入りますか？,思想傾向の推定
思想,経済思想,OBSERVATION,社会の話をするとき、経済思想の視点が自然に入りますね。,思想傾向の推定
思想,経済思想,OBSERVATION,話しぶりに、経済思想への関心が見えますね。,思想傾向の推定
思想,経済思想,HYPOTHETICAL,もし一つ社会を変えられるなら、経済思想に関して何を変えたいですか？,思想傾向の推定
思想,経済思想,HYPOTHETICAL,理想の社会を考えるとき、経済思想はどうなっていてほしいですか？,思想傾向の推定
思想,宗教,DIRECT,宗教について、普段どんな考えを持っていますか？,思想傾向の推定
思想,宗教,DIRECT,宗教の話題って興味ありますか？,思想傾向の推定
思想,宗教,INDIRECT,最近のニュースで気になった話ってあります？,思想傾向の推定
思想,宗教,INDIRECT,社会の話をするなら、どんなテーマが気になりますか？,思想傾向の推定
思想,宗教,ASSUMPTION,宗教にはわりと自分なりの考えがありそうですね。,思想傾向の推定
思想,宗教,ASSUMPTION,社会を見る視点が、宗教に出てそうですね。,思想傾向の推定
思想,宗教,COMPARISON,人によって宗教の見方ってかなり違いますよね。ご自身はどんな立場に近いですか？,思想傾向の推定
思想,宗教,COMPARISON,まわりと比べて、宗教への関心は高い方ですか？,思想傾向の推定
思想,宗教,PAST,昔から宗教には関心ありました？,思想傾向の推定
思想,宗教,PAST,宗教について考えるようになったきっかけってあります？,思想傾向の推定
思想,宗教,SITUATIONAL,ニュースで宗教が話題になったら、どこが一番気になりますか？,思想傾向の推定
思想,宗教,SITUATIONAL,誰かと議論するとしたら、宗教のどの論点から入りますか？,思想傾向の推定
思想,宗教,OBSERVATION,社会の話をするとき、宗教の視点が自然に入りますね。,思想傾向の推定
思想,宗教,OBSERVATION,話しぶりに、宗教への関心が見えますね。,思想傾向の推定
思想,宗教,HYPOTHETICAL,もし一つ社会を変えられるなら、宗教に関して何を変えたいですか？,思想傾向の推定
思想,宗教,HYPOTHETICAL,理想の社会を考えるとき、宗教はどうなっていてほしいですか？,思想傾向の推定
思想,社会観,DIRECT,社会観について、普段どんな考えを持っていますか？,思想傾向の推定
思想,社会観,DIRECT,社会観の話題って興味ありますか？,思想傾向の推定
思想,社会観,INDIRECT,最近のニュースで気になった話ってあります？,思想傾向の推定
思想,社会観,INDIRECT,社会の話をするなら、どんなテーマが気になりますか？,思想傾向の推定
思想,社会観,ASSUMPTION,社会観にはわりと自分なりの考えがありそうですね。,思想傾向の推定
思想,社会観,ASSUMPTION,社会を見る視点が、社会観に出てそうですね。,思想傾向の推定
思想,社会観,COMPARISON,人によって社会観の見方ってかなり違いますよね。ご自身はどんな立場に近いですか？,思想傾向の推定
思想,社会観,COMPARISON,まわりと比べて、社会観への関心は高い方ですか？,思想傾向の推定
思想,社会観,PAST,昔から社会観には関心ありました？,思想傾向の推定
思想,社会観,PAST,社会観について考えるようになったきっかけってあります？,思想傾向の推定
思想,社会観,SITUATIONAL,ニュースで社会観が話題になったら、どこが一番気になりますか？,思想傾向の推定
思想,社会観,SITUATIONAL,誰かと議論するとしたら、社会観のどの論点から入りますか？,思想傾向の推定
思想,社会観,OBSERVATION,社会の話をするとき、社会観の視点が自然に入りますね。,思想傾向の推定
思想,社会観,OBSERVATION,話しぶりに、社会観への関心が見えますね。,思想傾向の推定
思想,社会観,HYPOTHETICAL,もし一つ社会を変えられるなら、社会観に関して何を変えたいですか？,思想傾向の推定
思想,社会観,HYPOTHETICAL,理想の社会を考えるとき、社会観はどうなっていてほしいですか？,思想傾向の推定
思想,技術観,DIRECT,技術観について、普段どんな考えを持っていますか？,思想傾向の推定
思想,技術観,DIRECT,技術観の話題って興味ありますか？,思想傾向の推定
思想,技術観,INDIRECT,最近のニュースで気になった話ってあります？,思想傾向の推定
思想,技術観,INDIRECT,社会の話をするなら、どんなテーマが気になりますか？,思想傾向の推定
思想,技術観,ASSUMPTION,技術観にはわりと自分なりの考えがありそうですね。,思想傾向の推定
思想,技術観,ASSUMPTION,社会を見る視点が、技術観に出てそうですね。,思想傾向の推定
思想,技術観,COMPARISON,人によって技術観の見方ってかなり違いますよね。ご自身はどんな立場に近いですか？,思想傾向の推定
思想,技術観,COMPARISON,まわりと比べて、技術観への関心は高い方ですか？,思想傾向の推定
思想,技術観,PAST,昔から技術観には関心ありました？,思想傾向の推定
思想,技術観,PAST,技術観について考えるようになったきっかけってあります？,思想傾向の推定
思想,技術観,SITUATIONAL,ニュースで技術観が話題になったら、どこが一番気になりますか？,思想傾向の推定
思想,技術観,SITUATIONAL,誰かと議論するとしたら、技術観のどの論点から入りますか？,思想傾向の推定
思想,技術観,OBSERVATION,社会の話をするとき、技術観の視点が自然に入りますね。,思想傾向の推定
思想,技術観,OBSERVATION,話しぶりに、技術観への関心が見えますね。,思想傾向の推定
思想,技術観,HYPOTHETICAL,もし一つ社会を変えられるなら、技術観に関して何を変えたいですか？,思想傾向の推定
思想,技術観,HYPOTHETICAL,理想の社会を考えるとき、技術観はどうなっていてほしいですか？,思想傾向の推定
思想,環境観,DIRECT,環境観について、普段どんな考えを持っていますか？,思想傾向の推定
思想,環境観,DIRECT,環境観の話題って興味ありますか？,思想傾向の推定
思想,環境観,INDIRECT,最近のニュースで気になった話ってあります？,思想傾向の推定
思想,環境観,INDIRECT,社会の話をするなら、どんなテーマが気になりますか？,思想傾向の推定
思想,環境観,ASSUMPTION,環境観にはわりと自分なりの考えがありそうですね。,思想傾向の推定
思想,環境観,ASSUMPTION,社会を見る視点が、環境観に出てそうですね。,思想傾向の推定
思想,環境観,COMPARISON,人によって環境観の見方ってかなり違いますよね。ご自身はどんな立場に近いですか？,思想傾向の推定
思想,環境観,COMPARISON,まわりと比べて、環境観への関心は高い方ですか？,思想傾向の推定
思想,環境観,PAST,昔から環境観には関心ありました？,思想傾向の推定
思想,環境観,PAST,環境観について考えるようになったきっかけってあります？,思想傾向の推定
思想,環境観,SITUATIONAL,ニュースで環境観が話題になったら、どこが一番気になりますか？,思想傾向の推定
思想,環境観,SITUATIONAL,誰かと議論するとしたら、環境観のどの論点から入りますか？,思想傾向の推定
思想,環境観,OBSERVATION,社会の話をするとき、環境観の視点が自然に入りますね。,思想傾向の推定
思想,環境観,OBSERVATION,話しぶりに、環境観への関心が見えますね。,思想傾向の推定
思想,環境観,HYPOTHETICAL,もし一つ社会を変えられるなら、環境観に関して何を変えたいですか？,思想傾向の推定
思想,環境観,HYPOTHETICAL,理想の社会を考えるとき、環境観はどうなっていてほしいですか？,思想傾向の推定
動機,安定志向,DIRECT,何か頑張るとき、安定志向って強い方ですか？,動機の推定
動機,安定志向,DIRECT,自分を動かしているものとして、安定志向はどのくらい大きいですか？,動機の推定
動機,安定志向,INDIRECT,やる気が出るのって、どんなときですか？,動機の推定
動機,安定志向,INDIRECT,何かに力を入れる理由って、どういうものが多いですか？,動機の推定
動機,安定志向,ASSUMPTION,たぶん安定志向はかなり強い方ですよね。,動機の推定
動機,安定志向,ASSUMPTION,行動の根っこに安定志向がありそうですね。,動機の推定
動機,安定志向,COMPARISON,人によって頑張る理由って違いますよね。安定志向は強い方ですか？,動機の推定
動機,安定志向,COMPARISON,周りと比べると、安定志向で動くことは多いですか？,動機の推定
動機,安定志向,PAST,昔から安定志向は変わらずありました？,動機の推定
動機,安定志向,PAST,これまでで安定志向が強く出た時期ってありました？,動機の推定
動機,安定志向,SITUATIONAL,大事な選択で迷ったとき、安定志向は判断材料になりますか？,動機の推定
動機,安定志向,SITUATIONAL,競争や変化の場面で、安定志向は強まりますか？,動機の推定
動機,安定志向,OBSERVATION,話していて、安定志向で動くタイプに見えます。,動機の推定
動機,安定志向,OBSERVATION,選び方に安定志向が出ていますね。,動機の推定
動機,安定志向,HYPOTHETICAL,もし何の制約もなければ、安定志向は今より強めたいですか？,動機の推定
動機,安定志向,HYPOTHETICAL,理想の自分を考えるとき、安定志向は必要だと思いますか？,動機の推定
動機,成長志向,DIRECT,何か頑張るとき、成長志向って強い方ですか？,動機の推定
動機,成長志向,DIRECT,自分を動かしているものとして、成長志向はどのくらい大きいですか？,動機の推定
動機,成長志向,INDIRECT,やる気が出るのって、どんなときですか？,動機の推定
動機,成長志向,INDIRECT,何かに力を入れる理由って、どういうものが多いですか？,動機の推定
動機,成長志向,ASSUMPTION,たぶん成長志向はかなり強い方ですよね。,動機の推定
動機,成長志向,ASSUMPTION,行動の根っこに成長志向がありそうですね。,動機の推定
動機,成長志向,COMPARISON,人によって頑張る理由って違いますよね。成長志向は強い方ですか？,動機の推定
動機,成長志向,COMPARISON,周りと比べると、成長志向で動くことは多いですか？,動機の推定
動機,成長志向,PAST,昔から成長志向は変わらずありました？,動機の推定
動機,成長志向,PAST,これまでで成長志向が強く出た時期ってありました？,動機の推定
動機,成長志向,SITUATIONAL,大事な選択で迷ったとき、成長志向は判断材料になりますか？,動機の推定
動機,成長志向,SITUATIONAL,競争や変化の場面で、成長志向は強まりますか？,動機の推定
動機,成長志向,OBSERVATION,話していて、成長志向で動くタイプに見えます。,動機の推定
動機,成長志向,OBSERVATION,選び方に成長志向が出ていますね。,動機の推定
動機,成長志向,HYPOTHETICAL,もし何の制約もなければ、成長志向は今より強めたいですか？,動機の推定
動機,成長志向,HYPOTHETICAL,理想の自分を考えるとき、成長志向は必要だと思いますか？,動機の推定
動機,承認欲求,DIRECT,何か頑張るとき、承認欲求って強い方ですか？,動機の推定
動機,承認欲求,DIRECT,自分を動かしているものとして、承認欲求はどのくらい大きいですか？,動機の推定
動機,承認欲求,INDIRECT,やる気が出るのって、どんなときですか？,動機の推定
動機,承認欲求,INDIRECT,何かに力を入れる理由って、どういうものが多いですか？,動機の推定
動機,承認欲求,ASSUMPTION,たぶん承認欲求はかなり強い方ですよね。,動機の推定
動機,承認欲求,ASSUMPTION,行動の根っこに承認欲求がありそうですね。,動機の推定
動機,承認欲求,COMPARISON,人によって頑張る理由って違いますよね。承認欲求は強い方ですか？,動機の推定
動機,承認欲求,COMPARISON,周りと比べると、承認欲求で動くことは多いですか？,動機の推定
動機,承認欲求,PAST,昔から承認欲求は変わらずありました？,動機の推定
動機,承認欲求,PAST,これまでで承認欲求が強く出た時期ってありました？,動機の推定
動機,承認欲求,SITUATIONAL,大事な選択で迷ったとき、承認欲求は判断材料になりますか？,動機の推定
動機,承認欲求,SITUATIONAL,競争や変化の場面で、承認欲求は強まりますか？,動機の推定
動機,承認欲求,OBSERVATION,話していて、承認欲求で動くタイプに見えます。,動機の推定
動機,承認欲求,OBSERVATION,選び方に承認欲求が出ていますね。,動機の推定
動機,承認欲求,HYPOTHETICAL,もし何の制約もなければ、承認欲求は今より強めたいですか？,動機の推定
動機,承認欲求,HYPOTHETICAL,理想の自分を考えるとき、承認欲求は必要だと思いますか？,動機の推定
動機,競争志向,DIRECT,何か頑張るとき、競争志向って強い方ですか？,動機の推定
動機,競争志向,DIRECT,自分を動かしているものとして、競争志向はどのくらい大きいですか？,動機の推定
動機,競争志向,INDIRECT,やる気が出るのって、どんなときですか？,動機の推定
動機,競争志向,INDIRECT,何かに力を入れる理由って、どういうものが多いですか？,動機の推定
動機,競争志向,ASSUMPTION,たぶん競争志向はかなり強い方ですよね。,動機の推定
動機,競争志向,ASSUMPTION,行動の根っこに競争志向がありそうですね。,動機の推定
動機,競争志向,COMPARISON,人によって頑張る理由って違いますよね。競争志向は強い方ですか？,動機の推定
動機,競争志向,COMPARISON,周りと比べると、競争志向で動くことは多いですか？,動機の推定
動機,競争志向,PAST,昔から競争志向は変わらずありました？,動機の推定
動機,競争志向,PAST,これまでで競争志向が強く出た時期ってありました？,動機の推定
動機,競争志向,SITUATIONAL,大事な選択で迷ったとき、競争志向は判断材料になりますか？,動機の推定
動機,競争志向,SITUATIONAL,競争や変化の場面で、競争志向は強まりますか？,動機の推定
動機,競争志向,OBSERVATION,話していて、競争志向で動くタイプに見えます。,動機の推定
動機,競争志向,OBSERVATION,選び方に競争志向が出ていますね。,動機の推定
動機,競争志向,HYPOTHETICAL,もし何の制約もなければ、競争志向は今より強めたいですか？,動機の推定
動機,競争志向,HYPOTHETICAL,理想の自分を考えるとき、競争志向は必要だと思いますか？,動機の推定
動機,知識欲,DIRECT,何か頑張るとき、知識欲って強い方ですか？,動機の推定
動機,知識欲,DIRECT,自分を動かしているものとして、知識欲はどのくらい大きいですか？,動機の推定
動機,知識欲,INDIRECT,やる気が出るのって、どんなときですか？,動機の推定
動機,知識欲,INDIRECT,何かに力を入れる理由って、どういうものが多いですか？,動機の推定
動機,知識欲,ASSUMPTION,たぶん知識欲はかなり強い方ですよね。,動機の推定
動機,知識欲,ASSUMPTION,行動の根っこに知識欲がありそうですね。,動機の推定
動機,知識欲,COMPARISON,人によって頑張る理由って違いますよね。知識欲は強い方ですか？,動機の推定
動機,知識欲,COMPARISON,周りと比べると、知識欲で動くことは多いですか？,動機の推定
動機,知識欲,PAST,昔から知識欲は変わらずありました？,動機の推定
動機,知識欲,PAST,これまでで知識欲が強く出た時期ってありました？,動機の推定
動機,知識欲,SITUATIONAL,大事な選択で迷ったとき、知識欲は判断材料になりますか？,動機の推定
動機,知識欲,SITUATIONAL,競争や変化の場面で、知識欲は強まりますか？,動機の推定
動機,知識欲,OBSERVATION,話していて、知識欲で動くタイプに見えます。,動機の推定
動機,知識欲,OBSERVATION,選び方に知識欲が出ていますね。,動機の推定
動機,知識欲,HYPOTHETICAL,もし何の制約もなければ、知識欲は今より強めたいですか？,動機の推定
動機,知識欲,HYPOTHETICAL,理想の自分を考えるとき、知識欲は必要だと思いますか？,動機の推定
動機,権力志向,DIRECT,何か頑張るとき、権力志向って強い方ですか？,動機の推定
動機,権力志向,DIRECT,自分を動かしているものとして、権力志向はどのくらい大きいですか？,動機の推定
動機,権力志向,INDIRECT,やる気が出るのって、どんなときですか？,動機の推定
動機,権力志向,INDIRECT,何かに力を入れる理由って、どういうものが多いですか？,動機の推定
動機,権力志向,ASSUMPTION,たぶん権力志向はかなり強い方ですよね。,動機の推定
動機,権力志向,ASSUMPTION,行動の根っこに権力志向がありそうですね。,動機の推定
動機,権力志向,COMPARISON,人によって頑張る理由って違いますよね。権力志向は強い方ですか？,動機の推定
動機,権力志向,COMPARISON,周りと比べると、権力志向で動くことは多いですか？,動機の推定
動機,権力志向,PAST,昔から権力志向は変わらずありました？,動機の推定
動機,権力志向,PAST,これまでで権力志向が強く出た時期ってありました？,動機の推定
動機,権力志向,SITUATIONAL,大事な選択で迷ったとき、権力志向は判断材料になりますか？,動機の推定
動機,権力志向,SITUATIONAL,競争や変化の場面で、権力志向は強まりますか？,動機の推定
動機,権力志向,OBSERVATION,話していて、権力志向で動くタイプに見えます。,動機の推定
動機,権力志向,OBSERVATION,選び方に権力志向が出ていますね。,動機の推定
動機,権力志向,HYPOTHETICAL,もし何の制約もなければ、権力志向は今より強めたいですか？,動機の推定
動機,権力志向,HYPOTHETICAL,理想の自分を考えるとき、権力志向は必要だと思いますか？,動機の推定
行動パターン,意思決定,DIRECT,普段の行動だと、意思決定はどんな感じですか？,行動傾向の推定
行動パターン,意思決定,DIRECT,何か起きたとき、意思決定って出やすいですか？,行動傾向の推定
行動パターン,意思決定,INDIRECT,忙しいときって、まず何をすることが多いですか？,行動傾向の推定
行動パターン,意思決定,INDIRECT,想定外のことが起きたとき、どう動くことが多いですか？,行動傾向の推定
行動パターン,意思決定,ASSUMPTION,行動の仕方に意思決定が出やすそうですね。,行動傾向の推定
行動パターン,意思決定,ASSUMPTION,たぶん意思決定はかなりはっきりしてますよね。,行動傾向の推定
行動パターン,意思決定,COMPARISON,人によって動き方って違いますよね。意思決定はどちら寄りですか？,行動傾向の推定
行動パターン,意思決定,COMPARISON,周りと比べると、意思決定は強い方だと思います？,行動傾向の推定
行動パターン,意思決定,PAST,昔から意思決定は同じ感じでした？,行動傾向の推定
行動パターン,意思決定,PAST,これまでで意思決定が変わった時期ってありました？,行動傾向の推定
行動パターン,意思決定,SITUATIONAL,急ぎのタスクが来たとき、意思決定はどう出ますか？,行動傾向の推定
行動パターン,意思決定,SITUATIONAL,ミスが起きたとき、意思決定はどんな形で出やすいですか？,行動傾向の推定
行動パターン,意思決定,OBSERVATION,話を聞いていると、意思決定が行動にも出てそうです。,行動傾向の推定
行動パターン,意思決定,OBSERVATION,受け答えから、意思決定が安定していそうですね。,行動傾向の推定
行動パターン,意思決定,HYPOTHETICAL,もし大きな判断を任されたら、意思決定はどう出そうですか？,行動傾向の推定
行動パターン,意思決定,HYPOTHETICAL,理想の行動パターンに近づくなら、意思決定をどう変えたいですか？,行動傾向の推定
行動パターン,ストレス反応,DIRECT,普段の行動だと、ストレス反応はどんな感じですか？,行動傾向の推定
行動パターン,ストレス反応,DIRECT,何か起きたとき、ストレス反応って出やすいですか？,行動傾向の推定
行動パターン,ストレス反応,INDIRECT,忙しいときって、まず何をすることが多いですか？,行動傾向の推定
行動パターン,ストレス反応,INDIRECT,想定外のことが起きたとき、どう動くことが多いですか？,行動傾向の推定
行動パターン,ストレス反応,ASSUMPTION,行動の仕方にストレス反応が出やすそうですね。,行動傾向の推定
行動パターン,ストレス反応,ASSUMPTION,たぶんストレス反応はかなりはっきりしてますよね。,行動傾向の推定
行動パターン,ストレス反応,COMPARISON,人によって動き方って違いますよね。ストレス反応はどちら寄りですか？,行動傾向の推定
行動パターン,ストレス反応,COMPARISON,周りと比べると、ストレス反応は強い方だと思います？,行動傾向の推定
行動パターン,ストレス反応,PAST,昔からストレス反応は同じ感じでした？,行動傾向の推定
行動パターン,ストレス反応,PAST,これまででストレス反応が変わった時期ってありました？,行動傾向の推定
行動パターン,ストレス反応,SITUATIONAL,急ぎのタスクが来たとき、ストレス反応はどう出ますか？,行動傾向の推定
行動パターン,ストレス反応,SITUATIONAL,ミスが起きたとき、ストレス反応はどんな形で出やすいですか？,行動傾向の推定
行動パターン,ストレス反応,OBSERVATION,話を聞いていると、ストレス反応が行動にも出てそうです。,行動傾向の推定
行動パターン,ストレス反応,OBSERVATION,受け答えから、ストレス反応が安定していそうですね。,行動傾向の推定
行動パターン,ストレス反応,HYPOTHETICAL,もし大きな判断を任されたら、ストレス反応はどう出そうですか？,行動傾向の推定
行動パターン,ストレス反応,HYPOTHETICAL,理想の行動パターンに近づくなら、ストレス反応をどう変えたいですか？,行動傾向の推定
行動パターン,失敗時反応,DIRECT,普段の行動だと、失敗時反応はどんな感じですか？,行動傾向の推定
行動パターン,失敗時反応,DIRECT,何か起きたとき、失敗時反応って出やすいですか？,行動傾向の推定
行動パターン,失敗時反応,INDIRECT,忙しいときって、まず何をすることが多いですか？,行動傾向の推定
行動パターン,失敗時反応,INDIRECT,想定外のことが起きたとき、どう動くことが多いですか？,行動傾向の推定
行動パターン,失敗時反応,ASSUMPTION,行動の仕方に失敗時反応が出やすそうですね。,行動傾向の推定
行動パターン,失敗時反応,ASSUMPTION,たぶん失敗時反応はかなりはっきりしてますよね。,行動傾向の推定
行動パターン,失敗時反応,COMPARISON,人によって動き方って違いますよね。失敗時反応はどちら寄りですか？,行動傾向の推定
行動パターン,失敗時反応,COMPARISON,周りと比べると、失敗時反応は強い方だと思います？,行動傾向の推定
行動パターン,失敗時反応,PAST,昔から失敗時反応は同じ感じでした？,行動傾向の推定
行動パターン,失敗時反応,PAST,これまでで失敗時反応が変わった時期ってありました？,行動傾向の推定
行動パターン,失敗時反応,SITUATIONAL,急ぎのタスクが来たとき、失敗時反応はどう出ますか？,行動傾向の推定
行動パターン,失敗時反応,SITUATIONAL,ミスが起きたとき、失敗時反応はどんな形で出やすいですか？,行動傾向の推定
行動パターン,失敗時反応,OBSERVATION,話を聞いていると、失敗時反応が行動にも出てそうです。,行動傾向の推定
行動パターン,失敗時反応,OBSERVATION,受け答えから、失敗時反応が安定していそうですね。,行動傾向の推定
行動パターン,失敗時反応,HYPOTHETICAL,もし大きな判断を任されたら、失敗時反応はどう出そうですか？,行動傾向の推定
行動パターン,失敗時反応,HYPOTHETICAL,理想の行動パターンに近づくなら、失敗時反応をどう変えたいですか？,行動傾向の推定
行動パターン,対人行動,DIRECT,普段の行動だと、対人行動はどんな感じですか？,行動傾向の推定
行動パターン,対人行動,DIRECT,何か起きたとき、対人行動って出やすいですか？,行動傾向の推定
行動パターン,対人行動,INDIRECT,忙しいときって、まず何をすることが多いですか？,行動傾向の推定
行動パターン,対人行動,INDIRECT,想定外のことが起きたとき、どう動くことが多いですか？,行動傾向の推定
行動パターン,対人行動,ASSUMPTION,行動の仕方に対人行動が出やすそうですね。,行動傾向の推定
行動パターン,対人行動,ASSUMPTION,たぶん対人行動はかなりはっきりしてますよね。,行動傾向の推定
行動パターン,対人行動,COMPARISON,人によって動き方って違いますよね。対人行動はどちら寄りですか？,行動傾向の推定
行動パターン,対人行動,COMPARISON,周りと比べると、対人行動は強い方だと思います？,行動傾向の推定
行動パターン,対人行動,PAST,昔から対人行動は同じ感じでした？,行動傾向の推定
行動パターン,対人行動,PAST,これまでで対人行動が変わった時期ってありました？,行動傾向の推定
行動パターン,対人行動,SITUATIONAL,急ぎのタスクが来たとき、対人行動はどう出ますか？,行動傾向の推定
行動パターン,対人行動,SITUATIONAL,ミスが起きたとき、対人行動はどんな形で出やすいですか？,行動傾向の推定
行動パターン,対人行動,OBSERVATION,話を聞いていると、対人行動が行動にも出てそうです。,行動傾向の推定
行動パターン,対人行動,OBSERVATION,受け答えから、対人行動が安定していそうですね。,行動傾向の推定
行動パターン,対人行動,HYPOTHETICAL,もし大きな判断を任されたら、対人行動はどう出そうですか？,行動傾向の推定
行動パターン,対人行動,HYPOTHETICAL,理想の行動パターンに近づくなら、対人行動をどう変えたいですか？,行動傾向の推定
行動パターン,リーダーシップ,DIRECT,普段の行動だと、リーダーシップはどんな感じですか？,行動傾向の推定
行動パターン,リーダーシップ,DIRECT,何か起きたとき、リーダーシップって出やすいですか？,行動傾向の推定
行動パターン,リーダーシップ,INDIRECT,忙しいときって、まず何をすることが多いですか？,行動傾向の推定
行動パターン,リーダーシップ,INDIRECT,想定外のことが起きたとき、どう動くことが多いですか？,行動傾向の推定
行動パターン,リーダーシップ,ASSUMPTION,行動の仕方にリーダーシップが出やすそうですね。,行動傾向の推定
行動パターン,リーダーシップ,ASSUMPTION,たぶんリーダーシップはかなりはっきりしてますよね。,行動傾向の推定
行動パターン,リーダーシップ,COMPARISON,人によって動き方って違いますよね。リーダーシップはどちら寄りですか？,行動傾向の推定
行動パターン,リーダーシップ,COMPARISON,周りと比べると、リーダーシップは強い方だと思います？,行動傾向の推定
行動パターン,リーダーシップ,PAST,昔からリーダーシップは同じ感じでした？,行動傾向の推定
行動パターン,リーダーシップ,PAST,これまででリーダーシップが変わった時期ってありました？,行動傾向の推定
行動パターン,リーダーシップ,SITUATIONAL,急ぎのタスクが来たとき、リーダーシップはどう出ますか？,行動傾向の推定
行動パターン,リーダーシップ,SITUATIONAL,ミスが起きたとき、リーダーシップはどんな形で出やすいですか？,行動傾向の推定
行動パターン,リーダーシップ,OBSERVATION,話を聞いていると、リーダーシップが行動にも出てそうです。,行動傾向の推定
行動パターン,リーダーシップ,OBSERVATION,受け答えから、リーダーシップが安定していそうですね。,行動傾向の推定
行動パターン,リーダーシップ,HYPOTHETICAL,もし大きな判断を任されたら、リーダーシップはどう出そうですか？,行動傾向の推定
行動パターン,リーダーシップ,HYPOTHETICAL,理想の行動パターンに近づくなら、リーダーシップをどう変えたいですか？,行動傾向の推定
行動パターン,衝動性,DIRECT,普段の行動だと、衝動性はどんな感じですか？,行動傾向の推定
行動パターン,衝動性,DIRECT,何か起きたとき、衝動性って出やすいですか？,行動傾向の推定
行動パターン,衝動性,INDIRECT,忙しいときって、まず何をすることが多いですか？,行動傾向の推定
行動パターン,衝動性,INDIRECT,想定外のことが起きたとき、どう動くことが多いですか？,行動傾向の推定
行動パターン,衝動性,ASSUMPTION,行動の仕方に衝動性が出やすそうですね。,行動傾向の推定
行動パターン,衝動性,ASSUMPTION,たぶん衝動性はかなりはっきりしてますよね。,行動傾向の推定
行動パターン,衝動性,COMPARISON,人によって動き方って違いますよね。衝動性はどちら寄りですか？,行動傾向の推定
行動パターン,衝動性,COMPARISON,周りと比べると、衝動性は強い方だと思います？,行動傾向の推定
行動パターン,衝動性,PAST,昔から衝動性は同じ感じでした？,行動傾向の推定
行動パターン,衝動性,PAST,これまでで衝動性が変わった時期ってありました？,行動傾向の推定
行動パターン,衝動性,SITUATIONAL,急ぎのタスクが来たとき、衝動性はどう出ますか？,行動傾向の推定
行動パターン,衝動性,SITUATIONAL,ミスが起きたとき、衝動性はどんな形で出やすいですか？,行動傾向の推定
行動パターン,衝動性,OBSERVATION,話を聞いていると、衝動性が行動にも出てそうです。,行動傾向の推定
行動パターン,衝動性,OBSERVATION,受け答えから、衝動性が安定していそうですね。,行動傾向の推定
行動パターン,衝動性,HYPOTHETICAL,もし大きな判断を任されたら、衝動性はどう出そうですか？,行動傾向の推定
行動パターン,衝動性,HYPOTHETICAL,理想の行動パターンに近づくなら、衝動性をどう変えたいですか？,行動傾向の推定
人間関係,友人関係,DIRECT,友人関係って、普段どんな感じですか？,人間関係傾向の把握
人間関係,友人関係,DIRECT,人との関わりで友人関係はどう出やすいですか？,人間関係傾向の把握
人間関係,友人関係,INDIRECT,人付き合いって広い方ですか？深い方ですか？,人間関係傾向の把握
人間関係,友人関係,INDIRECT,誰かと距離が縮まるときって、どんな流れが多いですか？,人間関係傾向の把握
人間関係,友人関係,ASSUMPTION,人との関わり方に友人関係が出てそうですね。,人間関係傾向の把握
人間関係,友人関係,ASSUMPTION,たぶん友人関係はかなり特徴ありますよね。,人間関係傾向の把握
人間関係,友人関係,COMPARISON,人間関係って広く浅く派と狭く深く派がいますよね。どちら寄りですか？,人間関係傾向の把握
人間関係,友人関係,COMPARISON,人をすぐ信じる人と慎重な人っていますよね。自分はどうですか？,人間関係傾向の把握
人間関係,友人関係,PAST,昔から友人関係は変わらないですか？,人間関係傾向の把握
人間関係,友人関係,PAST,学生時代から人との関わり方に友人関係は出ていました？,人間関係傾向の把握
人間関係,友人関係,SITUATIONAL,初対面の人と続いて仲良くなるのって、どんな時ですか？,人間関係傾向の把握
人間関係,友人関係,SITUATIONAL,関係がぎくしゃくしたとき、友人関係はどう出ますか？,人間関係傾向の把握
人間関係,友人関係,OBSERVATION,話し方に、人との距離感の取り方が出ていますね。,人間関係傾向の把握
人間関係,友人関係,OBSERVATION,人間関係に対して友人関係がはっきりしてそうです。,人間関係傾向の把握
人間関係,友人関係,HYPOTHETICAL,もし新しい環境に入ったら、友人関係はどう出そうですか？,人間関係傾向の把握
人間関係,友人関係,HYPOTHETICAL,理想の人間関係を考えると、友人関係はどんな状態がいいですか？,人間関係傾向の把握
人間関係,恋愛観,DIRECT,恋愛観って、普段どんな感じですか？,人間関係傾向の把握
人間関係,恋愛観,DIRECT,人との関わりで恋愛観はどう出やすいですか？,人間関係傾向の把握
人間関係,恋愛観,INDIRECT,人付き合いって広い方ですか？深い方ですか？,人間関係傾向の把握
人間関係,恋愛観,INDIRECT,誰かと距離が縮まるときって、どんな流れが多いですか？,人間関係傾向の把握
人間関係,恋愛観,ASSUMPTION,人との関わり方に恋愛観が出てそうですね。,人間関係傾向の把握
人間関係,恋愛観,ASSUMPTION,たぶん恋愛観はかなり特徴ありますよね。,人間関係傾向の把握
人間関係,恋愛観,COMPARISON,人間関係って広く浅く派と狭く深く派がいますよね。どちら寄りですか？,人間関係傾向の把握
人間関係,恋愛観,COMPARISON,人をすぐ信じる人と慎重な人っていますよね。自分はどうですか？,人間関係傾向の把握
人間関係,恋愛観,PAST,昔から恋愛観は変わらないですか？,人間関係傾向の把握
人間関係,恋愛観,PAST,学生時代から人との関わり方に恋愛観は出ていました？,人間関係傾向の把握
人間関係,恋愛観,SITUATIONAL,初対面の人と続いて仲良くなるのって、どんな時ですか？,人間関係傾向の把握
人間関係,恋愛観,SITUATIONAL,関係がぎくしゃくしたとき、恋愛観はどう出ますか？,人間関係傾向の把握
人間関係,恋愛観,OBSERVATION,話し方に、人との距離感の取り方が出ていますね。,人間関係傾向の把握
人間関係,恋愛観,OBSERVATION,人間関係に対して恋愛観がはっきりしてそうです。,人間関係傾向の把握
人間関係,恋愛観,HYPOTHETICAL,もし新しい環境に入ったら、恋愛観はどう出そうですか？,人間関係傾向の把握
人間関係,恋愛観,HYPOTHETICAL,理想の人間関係を考えると、恋愛観はどんな状態がいいですか？,人間関係傾向の把握
人間関係,家族距離,DIRECT,家族距離って、普段どんな感じですか？,人間関係傾向の把握
人間関係,家族距離,DIRECT,人との関わりで家族距離はどう出やすいですか？,人間関係傾向の把握
人間関係,家族距離,INDIRECT,人付き合いって広い方ですか？深い方ですか？,人間関係傾向の把握
人間関係,家族距離,INDIRECT,誰かと距離が縮まるときって、どんな流れが多いですか？,人間関係傾向の把握
人間関係,家族距離,ASSUMPTION,人との関わり方に家族距離が出てそうですね。,人間関係傾向の把握
人間関係,家族距離,ASSUMPTION,たぶん家族距離はかなり特徴ありますよね。,人間関係傾向の把握
人間関係,家族距離,COMPARISON,人間関係って広く浅く派と狭く深く派がいますよね。どちら寄りですか？,人間関係傾向の把握
人間関係,家族距離,COMPARISON,人をすぐ信じる人と慎重な人っていますよね。自分はどうですか？,人間関係傾向の把握
人間関係,家族距離,PAST,昔から家族距離は変わらないですか？,人間関係傾向の把握
人間関係,家族距離,PAST,学生時代から人との関わり方に家族距離は出ていました？,人間関係傾向の把握
人間関係,家族距離,SITUATIONAL,初対面の人と続いて仲良くなるのって、どんな時ですか？,人間関係傾向の把握
人間関係,家族距離,SITUATIONAL,関係がぎくしゃくしたとき、家族距離はどう出ますか？,人間関係傾向の把握
人間関係,家族距離,OBSERVATION,話し方に、人との距離感の取り方が出ていますね。,人間関係傾向の把握
人間関係,家族距離,OBSERVATION,人間関係に対して家族距離がはっきりしてそうです。,人間関係傾向の把握
人間関係,家族距離,HYPOTHETICAL,もし新しい環境に入ったら、家族距離はどう出そうですか？,人間関係傾向の把握
人間関係,家族距離,HYPOTHETICAL,理想の人間関係を考えると、家族距離はどんな状態がいいですか？,人間関係傾向の把握
人間関係,信頼傾向,DIRECT,信頼傾向って、普段どんな感じですか？,人間関係傾向の把握
人間関係,信頼傾向,DIRECT,人との関わりで信頼傾向はどう出やすいですか？,人間関係傾向の把握
人間関係,信頼傾向,INDIRECT,人付き合いって広い方ですか？深い方ですか？,人間関係傾向の把握
人間関係,信頼傾向,INDIRECT,誰かと距離が縮まるときって、どんな流れが多いですか？,人間関係傾向の把握
人間関係,信頼傾向,ASSUMPTION,人との関わり方に信頼傾向が出てそうですね。,人間関係傾向の把握
人間関係,信頼傾向,ASSUMPTION,たぶん信頼傾向はかなり特徴ありますよね。,人間関係傾向の把握
人間関係,信頼傾向,COMPARISON,人間関係って広く浅く派と狭く深く派がいますよね。どちら寄りですか？,人間関係傾向の把握
人間関係,信頼傾向,COMPARISON,人をすぐ信じる人と慎重な人っていますよね。自分はどうですか？,人間関係傾向の把握
人間関係,信頼傾向,PAST,昔から信頼傾向は変わらないですか？,人間関係傾向の把握
人間関係,信頼傾向,PAST,学生時代から人との関わり方に信頼傾向は出ていました？,人間関係傾向の把握
人間関係,信頼傾向,SITUATIONAL,初対面の人と続いて仲良くなるのって、どんな時ですか？,人間関係傾向の把握
人間関係,信頼傾向,SITUATIONAL,関係がぎくしゃくしたとき、信頼傾向はどう出ますか？,人間関係傾向の把握
人間関係,信頼傾向,OBSERVATION,話し方に、人との距離感の取り方が出ていますね。,人間関係傾向の把握
人間関係,信頼傾向,OBSERVATION,人間関係に対して信頼傾向がはっきりしてそうです。,人間関係傾向の把握
人間関係,信頼傾向,HYPOTHETICAL,もし新しい環境に入ったら、信頼傾向はどう出そうですか？,人間関係傾向の把握
人間関係,信頼傾向,HYPOTHETICAL,理想の人間関係を考えると、信頼傾向はどんな状態がいいですか？,人間関係傾向の把握
人間関係,対立傾向,DIRECT,対立傾向って、普段どんな感じですか？,人間関係傾向の把握
人間関係,対立傾向,DIRECT,人との関わりで対立傾向はどう出やすいですか？,人間関係傾向の把握
人間関係,対立傾向,INDIRECT,人付き合いって広い方ですか？深い方ですか？,人間関係傾向の把握
人間関係,対立傾向,INDIRECT,誰かと距離が縮まるときって、どんな流れが多いですか？,人間関係傾向の把握
人間関係,対立傾向,ASSUMPTION,人との関わり方に対立傾向が出てそうですね。,人間関係傾向の把握
人間関係,対立傾向,ASSUMPTION,たぶん対立傾向はかなり特徴ありますよね。,人間関係傾向の把握
人間関係,対立傾向,COMPARISON,人間関係って広く浅く派と狭く深く派がいますよね。どちら寄りですか？,人間関係傾向の把握
人間関係,対立傾向,COMPARISON,人をすぐ信じる人と慎重な人っていますよね。自分はどうですか？,人間関係傾向の把握
人間関係,対立傾向,PAST,昔から対立傾向は変わらないですか？,人間関係傾向の把握
人間関係,対立傾向,PAST,学生時代から人との関わり方に対立傾向は出ていました？,人間関係傾向の把握
人間関係,対立傾向,SITUATIONAL,初対面の人と続いて仲良くなるのって、どんな時ですか？,人間関係傾向の把握
人間関係,対立傾向,SITUATIONAL,関係がぎくしゃくしたとき、対立傾向はどう出ますか？,人間関係傾向の把握
人間関係,対立傾向,OBSERVATION,話し方に、人との距離感の取り方が出ていますね。,人間関係傾向の把握
人間関係,対立傾向,OBSERVATION,人間関係に対して対立傾向がはっきりしてそうです。,人間関係傾向の把握
人間関係,対立傾向,HYPOTHETICAL,もし新しい環境に入ったら、対立傾向はどう出そうですか？,人間関係傾向の把握
人間関係,対立傾向,HYPOTHETICAL,理想の人間関係を考えると、対立傾向はどんな状態がいいですか？,人間関係傾向の把握
人間関係,ネットワーク,DIRECT,ネットワークって、普段どんな感じですか？,人間関係傾向の把握
人間関係,ネットワーク,DIRECT,人との関わりでネットワークはどう出やすいですか？,人間関係傾向の把握
人間関係,ネットワーク,INDIRECT,人付き合いって広い方ですか？深い方ですか？,人間関係傾向の把握
人間関係,ネットワーク,INDIRECT,誰かと距離が縮まるときって、どんな流れが多いですか？,人間関係傾向の把握
人間関係,ネットワーク,ASSUMPTION,人との関わり方にネットワークが出てそうですね。,人間関係傾向の把握
人間関係,ネットワーク,ASSUMPTION,たぶんネットワークはかなり特徴ありますよね。,人間関係傾向の把握
人間関係,ネットワーク,COMPARISON,人間関係って広く浅く派と狭く深く派がいますよね。どちら寄りですか？,人間関係傾向の把握
人間関係,ネットワーク,COMPARISON,人をすぐ信じる人と慎重な人っていますよね。自分はどうですか？,人間関係傾向の把握
人間関係,ネットワーク,PAST,昔からネットワークは変わらないですか？,人間関係傾向の把握
人間関係,ネットワーク,PAST,学生時代から人との関わり方にネットワークは出ていました？,人間関係傾向の把握
人間関係,ネットワーク,SITUATIONAL,初対面の人と続いて仲良くなるのって、どんな時ですか？,人間関係傾向の把握
人間関係,ネットワーク,SITUATIONAL,関係がぎくしゃくしたとき、ネットワークはどう出ますか？,人間関係傾向の把握
人間関係,ネットワーク,OBSERVATION,話し方に、人との距離感の取り方が出ていますね。,人間関係傾向の把握
人間関係,ネットワーク,OBSERVATION,人間関係に対してネットワークがはっきりしてそうです。,人間関係傾向の把握
人間関係,ネットワーク,HYPOTHETICAL,もし新しい環境に入ったら、ネットワークはどう出そうですか？,人間関係傾向の把握
人間関係,ネットワーク,HYPOTHETICAL,理想の人間関係を考えると、ネットワークはどんな状態がいいですか？,人間関係傾向の把握
ライフスタイル,睡眠,DIRECT,普段の睡眠ってどんな感じですか？,ライフスタイルの把握
ライフスタイル,睡眠,DIRECT,日常だと睡眠はどのくらい大事ですか？,ライフスタイルの把握
ライフスタイル,睡眠,INDIRECT,休日や平日の過ごし方で、睡眠はどう出ますか？,ライフスタイルの把握
ライフスタイル,睡眠,INDIRECT,日々の習慣って、わりと決まってますか？,ライフスタイルの把握
ライフスタイル,睡眠,ASSUMPTION,睡眠には結構こだわりありそうですね。,ライフスタイルの把握
ライフスタイル,睡眠,ASSUMPTION,生活の中で睡眠が安定してそうです。,ライフスタイルの把握
ライフスタイル,睡眠,COMPARISON,人によって生活の重心って違いますよね。睡眠はどちら寄りですか？,ライフスタイルの把握
ライフスタイル,睡眠,COMPARISON,周りと比べると、睡眠に時間を使う方ですか？,ライフスタイルの把握
ライフスタイル,睡眠,PAST,昔から睡眠は変わらない方ですか？,ライフスタイルの把握
ライフスタイル,睡眠,PAST,以前と比べて、睡眠の好みや習慣は変わりました？,ライフスタイルの把握
ライフスタイル,睡眠,SITUATIONAL,忙しい時期でも睡眠は崩れにくいですか？,ライフスタイルの把握
ライフスタイル,睡眠,SITUATIONAL,旅行先でも睡眠は普段通り保ちたいタイプですか？,ライフスタイルの把握
ライフスタイル,睡眠,OBSERVATION,生活の話になると、睡眠がはっきり見えますね。,ライフスタイルの把握
ライフスタイル,睡眠,OBSERVATION,日常の整え方に睡眠が出ていますね。,ライフスタイルの把握
ライフスタイル,睡眠,HYPOTHETICAL,もし丸一日自由なら、睡眠にどう時間を使いますか？,ライフスタイルの把握
ライフスタイル,睡眠,HYPOTHETICAL,理想の暮らしだと、睡眠は今とどう変わりますか？,ライフスタイルの把握
ライフスタイル,食生活,DIRECT,普段の食生活ってどんな感じですか？,ライフスタイルの把握
ライフスタイル,食生活,DIRECT,日常だと食生活はどのくらい大事ですか？,ライフスタイルの把握
ライフスタイル,食生活,INDIRECT,休日や平日の過ごし方で、食生活はどう出ますか？,ライフスタイルの把握
ライフスタイル,食生活,INDIRECT,日々の習慣って、わりと決まってますか？,ライフスタイルの把握
ライフスタイル,食生活,ASSUMPTION,食生活には結構こだわりありそうですね。,ライフスタイルの把握
ライフスタイル,食生活,ASSUMPTION,生活の中で食生活が安定してそうです。,ライフスタイルの把握
ライフスタイル,食生活,COMPARISON,人によって生活の重心って違いますよね。食生活はどちら寄りですか？,ライフスタイルの把握
ライフスタイル,食生活,COMPARISON,周りと比べると、食生活に時間を使う方ですか？,ライフスタイルの把握
ライフスタイル,食生活,PAST,昔から食生活は変わらない方ですか？,ライフスタイルの把握
ライフスタイル,食生活,PAST,以前と比べて、食生活の好みや習慣は変わりました？,ライフスタイルの把握
ライフスタイル,食生活,SITUATIONAL,忙しい時期でも食生活は崩れにくいですか？,ライフスタイルの把握
ライフスタイル,食生活,SITUATIONAL,旅行先でも食生活は普段通り保ちたいタイプですか？,ライフスタイルの把握
ライフスタイル,食生活,OBSERVATION,生活の話になると、食生活がはっきり見えますね。,ライフスタイルの把握
ライフスタイル,食生活,OBSERVATION,日常の整え方に食生活が出ていますね。,ライフスタイルの把握
ライフスタイル,食生活,HYPOTHETICAL,もし丸一日自由なら、食生活にどう時間を使いますか？,ライフスタイルの把握
ライフスタイル,食生活,HYPOTHETICAL,理想の暮らしだと、食生活は今とどう変わりますか？,ライフスタイルの把握
ライフスタイル,運動,DIRECT,普段の運動ってどんな感じですか？,ライフスタイルの把握
ライフスタイル,運動,DIRECT,日常だと運動はどのくらい大事ですか？,ライフスタイルの把握
ライフスタイル,運動,INDIRECT,休日や平日の過ごし方で、運動はどう出ますか？,ライフスタイルの把握
ライフスタイル,運動,INDIRECT,日々の習慣って、わりと決まってますか？,ライフスタイルの把握
ライフスタイル,運動,ASSUMPTION,運動には結構こだわりありそうですね。,ライフスタイルの把握
ライフスタイル,運動,ASSUMPTION,生活の中で運動が安定してそうです。,ライフスタイルの把握
ライフスタイル,運動,COMPARISON,人によって生活の重心って違いますよね。運動はどちら寄りですか？,ライフスタイルの把握
ライフスタイル,運動,COMPARISON,周りと比べると、運動に時間を使う方ですか？,ライフスタイルの把握
ライフスタイル,運動,PAST,昔から運動は変わらない方ですか？,ライフスタイルの把握
ライフスタイル,運動,PAST,以前と比べて、運動の好みや習慣は変わりました？,ライフスタイルの把握
ライフスタイル,運動,SITUATIONAL,忙しい時期でも運動は崩れにくいですか？,ライフスタイルの把握
ライフスタイル,運動,SITUATIONAL,旅行先でも運動は普段通り保ちたいタイプですか？,ライフスタイルの把握
ライフスタイル,運動,OBSERVATION,生活の話になると、運動がはっきり見えますね。,ライフスタイルの把握
ライフスタイル,運動,OBSERVATION,日常の整え方に運動が出ていますね。,ライフスタイルの把握
ライフスタイル,運動,HYPOTHETICAL,もし丸一日自由なら、運動にどう時間を使いますか？,ライフスタイルの把握
ライフスタイル,運動,HYPOTHETICAL,理想の暮らしだと、運動は今とどう変わりますか？,ライフスタイルの把握
ライフスタイル,趣味,DIRECT,普段の趣味ってどんな感じですか？,ライフスタイルの把握
ライフスタイル,趣味,DIRECT,日常だと趣味はどのくらい大事ですか？,ライフスタイルの把握
ライフスタイル,趣味,INDIRECT,休日や平日の過ごし方で、趣味はどう出ますか？,ライフスタイルの把握
ライフスタイル,趣味,INDIRECT,日々の習慣って、わりと決まってますか？,ライフスタイルの把握
ライフスタイル,趣味,ASSUMPTION,趣味には結構こだわりありそうですね。,ライフスタイルの把握
ライフスタイル,趣味,ASSUMPTION,生活の中で趣味が安定してそうです。,ライフスタイルの把握
ライフスタイル,趣味,COMPARISON,人によって生活の重心って違いますよね。趣味はどちら寄りですか？,ライフスタイルの把握
ライフスタイル,趣味,COMPARISON,周りと比べると、趣味に時間を使う方ですか？,ライフスタイルの把握
ライフスタイル,趣味,PAST,昔から趣味は変わらない方ですか？,ライフスタイルの把握
ライフスタイル,趣味,PAST,以前と比べて、趣味の好みや習慣は変わりました？,ライフスタイルの把握
ライフスタイル,趣味,SITUATIONAL,忙しい時期でも趣味は崩れにくいですか？,ライフスタイルの把握
ライフスタイル,趣味,SITUATIONAL,旅行先でも趣味は普段通り保ちたいタイプですか？,ライフスタイルの把握
ライフスタイル,趣味,OBSERVATION,生活の話になると、趣味がはっきり見えますね。,ライフスタイルの把握
ライフスタイル,趣味,OBSERVATION,日常の整え方に趣味が出ていますね。,ライフスタイルの把握
ライフスタイル,趣味,HYPOTHETICAL,もし丸一日自由なら、趣味にどう時間を使いますか？,ライフスタイルの把握
ライフスタイル,趣味,HYPOTHETICAL,理想の暮らしだと、趣味は今とどう変わりますか？,ライフスタイルの把握
ライフスタイル,趣味の詳細,DIRECT,普段の趣味の詳細ってどんな感じですか？,ライフスタイルの把握
ライフスタイル,趣味の詳細,DIRECT,日常だと趣味の詳細はどのくらい大事ですか？,ライフスタイルの把握
ライフスタイル,趣味の詳細,INDIRECT,休日や平日の過ごし方で、趣味の詳細はどう出ますか？,ライフスタイルの把握
ライフスタイル,趣味の詳細,INDIRECT,日々の習慣って、わりと決まってますか？,ライフスタイルの把握
ライフスタイル,趣味の詳細,ASSUMPTION,趣味の詳細には結構こだわりありそうですね。,ライフスタイルの把握
ライフスタイル,趣味の詳細,ASSUMPTION,生活の中で趣味の詳細が安定してそうです。,ライフスタイルの把握
ライフスタイル,趣味の詳細,COMPARISON,人によって生活の重心って違いますよね。趣味の詳細はどちら寄りですか？,ライフスタイルの把握
ライフスタイル,趣味の詳細,COMPARISON,周りと比べると、趣味の詳細に時間を使う方ですか？,ライフスタイルの把握
ライフスタイル,趣味の詳細,PAST,昔から趣味の詳細は変わらない方ですか？,ライフスタイルの把握
ライフスタイル,趣味の詳細,PAST,以前と比べて、趣味の詳細の好みや習慣は変わりました？,ライフスタイルの把握
ライフスタイル,趣味の詳細,SITUATIONAL,忙しい時期でも趣味の詳細は崩れにくいですか？,ライフスタイルの把握
ライフスタイル,趣味の詳細,SITUATIONAL,旅行先でも趣味の詳細は普段通り保ちたいタイプですか？,ライフスタイルの把握
ライフスタイル,趣味の詳細,OBSERVATION,生活の話になると、趣味の詳細がはっきり見えますね。,ライフスタイルの把握
ライフスタイル,趣味の詳細,OBSERVATION,日常の整え方に趣味の詳細が出ていますね。,ライフスタイルの把握
ライフスタイル,趣味の詳細,HYPOTHETICAL,もし丸一日自由なら、趣味の詳細にどう時間を使いますか？,ライフスタイルの把握
ライフスタイル,趣味の詳細,HYPOTHETICAL,理想の暮らしだと、趣味の詳細は今とどう変わりますか？,ライフスタイルの把握
ライフスタイル,娯楽,DIRECT,普段の娯楽ってどんな感じですか？,ライフスタイルの把握
ライフスタイル,娯楽,DIRECT,日常だと娯楽はどのくらい大事ですか？,ライフスタイルの把握
ライフスタイル,娯楽,INDIRECT,休日や平日の過ごし方で、娯楽はどう出ますか？,ライフスタイルの把握
ライフスタイル,娯楽,INDIRECT,日々の習慣って、わりと決まってますか？,ライフスタイルの把握
ライフスタイル,娯楽,ASSUMPTION,娯楽には結構こだわりありそうですね。,ライフスタイルの把握
ライフスタイル,娯楽,ASSUMPTION,生活の中で娯楽が安定してそうです。,ライフスタイルの把握
ライフスタイル,娯楽,COMPARISON,人によって生活の重心って違いますよね。娯楽はどちら寄りですか？,ライフスタイルの把握
ライフスタイル,娯楽,COMPARISON,周りと比べると、娯楽に時間を使う方ですか？,ライフスタイルの把握
ライフスタイル,娯楽,PAST,昔から娯楽は変わらない方ですか？,ライフスタイルの把握
ライフスタイル,娯楽,PAST,以前と比べて、娯楽の好みや習慣は変わりました？,ライフスタイルの把握
ライフスタイル,娯楽,SITUATIONAL,忙しい時期でも娯楽は崩れにくいですか？,ライフスタイルの把握
ライフスタイル,娯楽,SITUATIONAL,旅行先でも娯楽は普段通り保ちたいタイプですか？,ライフスタイルの把握
ライフスタイル,娯楽,OBSERVATION,生活の話になると、娯楽がはっきり見えますね。,ライフスタイルの把握
ライフスタイル,娯楽,OBSERVATION,日常の整え方に娯楽が出ていますね。,ライフスタイルの把握
ライフスタイル,娯楽,HYPOTHETICAL,もし丸一日自由なら、娯楽にどう時間を使いますか？,ライフスタイルの把握
ライフスタイル,娯楽,HYPOTHETICAL,理想の暮らしだと、娯楽は今とどう変わりますか？,ライフスタイルの把握
ライフスタイル,好きな映画,DIRECT,普段の好きな映画ってどんな感じですか？,ライフスタイルの把握
ライフスタイル,好きな映画,DIRECT,日常だと好きな映画はどのくらい大事ですか？,ライフスタイルの把握
ライフスタイル,好きな映画,INDIRECT,休日や平日の過ごし方で、好きな映画はどう出ますか？,ライフスタイルの把握
ライフスタイル,好きな映画,INDIRECT,日々の習慣って、わりと決まってますか？,ライフスタイルの把握
ライフスタイル,好きな映画,ASSUMPTION,好きな映画には結構こだわりありそうですね。,ライフスタイルの把握
ライフスタイル,好きな映画,ASSUMPTION,生活の中で好きな映画が安定してそうです。,ライフスタイルの把握
ライフスタイル,好きな映画,COMPARISON,人によって生活の重心って違いますよね。好きな映画はどちら寄りですか？,ライフスタイルの把握
ライフスタイル,好きな映画,COMPARISON,周りと比べると、好きな映画に時間を使う方ですか？,ライフスタイルの把握
ライフスタイル,好きな映画,PAST,昔から好きな映画は変わらない方ですか？,ライフスタイルの把握
ライフスタイル,好きな映画,PAST,以前と比べて、好きな映画の好みや習慣は変わりました？,ライフスタイルの把握
ライフスタイル,好きな映画,SITUATIONAL,忙しい時期でも好きな映画は崩れにくいですか？,ライフスタイルの把握
ライフスタイル,好きな映画,SITUATIONAL,旅行先でも好きな映画は普段通り保ちたいタイプですか？,ライフスタイルの把握
ライフスタイル,好きな映画,OBSERVATION,生活の話になると、好きな映画がはっきり見えますね。,ライフスタイルの把握
ライフスタイル,好きな映画,OBSERVATION,日常の整え方に好きな映画が出ていますね。,ライフスタイルの把握
ライフスタイル,好きな映画,HYPOTHETICAL,もし丸一日自由なら、好きな映画にどう時間を使いますか？,ライフスタイルの把握
ライフスタイル,好きな映画,HYPOTHETICAL,理想の暮らしだと、好きな映画は今とどう変わりますか？,ライフスタイルの把握
ライフスタイル,好きな本,DIRECT,普段の好きな本ってどんな感じですか？,ライフスタイルの把握
ライフスタイル,好きな本,DIRECT,日常だと好きな本はどのくらい大事ですか？,ライフスタイルの把握
ライフスタイル,好きな本,INDIRECT,休日や平日の過ごし方で、好きな本はどう出ますか？,ライフスタイルの把握
ライフスタイル,好きな本,INDIRECT,日々の習慣って、わりと決まってますか？,ライフスタイルの把握
ライフスタイル,好きな本,ASSUMPTION,好きな本には結構こだわりありそうですね。,ライフスタイルの把握
ライフスタイル,好きな本,ASSUMPTION,生活の中で好きな本が安定してそうです。,ライフスタイルの把握
ライフスタイル,好きな本,COMPARISON,人によって生活の重心って違いますよね。好きな本はどちら寄りですか？,ライフスタイルの把握
ライフスタイル,好きな本,COMPARISON,周りと比べると、好きな本に時間を使う方ですか？,ライフスタイルの把握
ライフスタイル,好きな本,PAST,昔から好きな本は変わらない方ですか？,ライフスタイルの把握
ライフスタイル,好きな本,PAST,以前と比べて、好きな本の好みや習慣は変わりました？,ライフスタイルの把握
ライフスタイル,好きな本,SITUATIONAL,忙しい時期でも好きな本は崩れにくいですか？,ライフスタイルの把握
ライフスタイル,好きな本,SITUATIONAL,旅行先でも好きな本は普段通り保ちたいタイプですか？,ライフスタイルの把握
ライフスタイル,好きな本,OBSERVATION,生活の話になると、好きな本がはっきり見えますね。,ライフスタイルの把握
ライフスタイル,好きな本,OBSERVATION,日常の整え方に好きな本が出ていますね。,ライフスタイルの把握
ライフスタイル,好きな本,HYPOTHETICAL,もし丸一日自由なら、好きな本にどう時間を使いますか？,ライフスタイルの把握
ライフスタイル,好きな本,HYPOTHETICAL,理想の暮らしだと、好きな本は今とどう変わりますか？,ライフスタイルの把握
ライフスタイル,好きなスポーツ,DIRECT,普段の好きなスポーツってどんな感じですか？,ライフスタイルの把握
ライフスタイル,好きなスポーツ,DIRECT,日常だと好きなスポーツはどのくらい大事ですか？,ライフスタイルの把握
ライフスタイル,好きなスポーツ,INDIRECT,休日や平日の過ごし方で、好きなスポーツはどう出ますか？,ライフスタイルの把握
ライフスタイル,好きなスポーツ,INDIRECT,日々の習慣って、わりと決まってますか？,ライフスタイルの把握
ライフスタイル,好きなスポーツ,ASSUMPTION,好きなスポーツには結構こだわりありそうですね。,ライフスタイルの把握
ライフスタイル,好きなスポーツ,ASSUMPTION,生活の中で好きなスポーツが安定してそうです。,ライフスタイルの把握
ライフスタイル,好きなスポーツ,COMPARISON,人によって生活の重心って違いますよね。好きなスポーツはどちら寄りですか？,ライフスタイルの把握
ライフスタイル,好きなスポーツ,COMPARISON,周りと比べると、好きなスポーツに時間を使う方ですか？,ライフスタイルの把握
ライフスタイル,好きなスポーツ,PAST,昔から好きなスポーツは変わらない方ですか？,ライフスタイルの把握
ライフスタイル,好きなスポーツ,PAST,以前と比べて、好きなスポーツの好みや習慣は変わりました？,ライフスタイルの把握
ライフスタイル,好きなスポーツ,SITUATIONAL,忙しい時期でも好きなスポーツは崩れにくいですか？,ライフスタイルの把握
ライフスタイル,好きなスポーツ,SITUATIONAL,旅行先でも好きなスポーツは普段通り保ちたいタイプですか？,ライフスタイルの把握
ライフスタイル,好きなスポーツ,OBSERVATION,生活の話になると、好きなスポーツがはっきり見えますね。,ライフスタイルの把握
ライフスタイル,好きなスポーツ,OBSERVATION,日常の整え方に好きなスポーツが出ていますね。,ライフスタイルの把握
ライフスタイル,好きなスポーツ,HYPOTHETICAL,もし丸一日自由なら、好きなスポーツにどう時間を使いますか？,ライフスタイルの把握
ライフスタイル,好きなスポーツ,HYPOTHETICAL,理想の暮らしだと、好きなスポーツは今とどう変わりますか？,ライフスタイルの把握
ライフスタイル,好きな音楽,DIRECT,普段の好きな音楽ってどんな感じですか？,ライフスタイルの把握
ライフスタイル,好きな音楽,DIRECT,日常だと好きな音楽はどのくらい大事ですか？,ライフスタイルの把握
ライフスタイル,好きな音楽,INDIRECT,休日や平日の過ごし方で、好きな音楽はどう出ますか？,ライフスタイルの把握
ライフスタイル,好きな音楽,INDIRECT,日々の習慣って、わりと決まってますか？,ライフスタイルの把握
ライフスタイル,好きな音楽,ASSUMPTION,好きな音楽には結構こだわりありそうですね。,ライフスタイルの把握
ライフスタイル,好きな音楽,ASSUMPTION,生活の中で好きな音楽が安定してそうです。,ライフスタイルの把握
ライフスタイル,好きな音楽,COMPARISON,人によって生活の重心って違いますよね。好きな音楽はどちら寄りですか？,ライフスタイルの把握
ライフスタイル,好きな音楽,COMPARISON,周りと比べると、好きな音楽に時間を使う方ですか？,ライフスタイルの把握
ライフスタイル,好きな音楽,PAST,昔から好きな音楽は変わらない方ですか？,ライフスタイルの把握
ライフスタイル,好きな音楽,PAST,以前と比べて、好きな音楽の好みや習慣は変わりました？,ライフスタイルの把握
ライフスタイル,好きな音楽,SITUATIONAL,忙しい時期でも好きな音楽は崩れにくいですか？,ライフスタイルの把握
ライフスタイル,好きな音楽,SITUATIONAL,旅行先でも好きな音楽は普段通り保ちたいタイプですか？,ライフスタイルの把握
ライフスタイル,好きな音楽,OBSERVATION,生活の話になると、好きな音楽がはっきり見えますね。,ライフスタイルの把握
ライフスタイル,好きな音楽,OBSERVATION,日常の整え方に好きな音楽が出ていますね。,ライフスタイルの把握
ライフスタイル,好きな音楽,HYPOTHETICAL,もし丸一日自由なら、好きな音楽にどう時間を使いますか？,ライフスタイルの把握
ライフスタイル,好きな音楽,HYPOTHETICAL,理想の暮らしだと、好きな音楽は今とどう変わりますか？,ライフスタイルの把握
ライフスタイル,好きな食べ物,DIRECT,普段の好きな食べ物ってどんな感じですか？,ライフスタイルの把握
ライフスタイル,好きな食べ物,DIRECT,日常だと好きな食べ物はどのくらい大事ですか？,ライフスタイルの把握
ライフスタイル,好きな食べ物,INDIRECT,休日や平日の過ごし方で、好きな食べ物はどう出ますか？,ライフスタイルの把握
ライフスタイル,好きな食べ物,INDIRECT,日々の習慣って、わりと決まってますか？,ライフスタイルの把握
ライフスタイル,好きな食べ物,ASSUMPTION,好きな食べ物には結構こだわりありそうですね。,ライフスタイルの把握
ライフスタイル,好きな食べ物,ASSUMPTION,生活の中で好きな食べ物が安定してそうです。,ライフスタイルの把握
ライフスタイル,好きな食べ物,COMPARISON,人によって生活の重心って違いますよね。好きな食べ物はどちら寄りですか？,ライフスタイルの把握
ライフスタイル,好きな食べ物,COMPARISON,周りと比べると、好きな食べ物に時間を使う方ですか？,ライフスタイルの把握
ライフスタイル,好きな食べ物,PAST,昔から好きな食べ物は変わらない方ですか？,ライフスタイルの把握
ライフスタイル,好きな食べ物,PAST,以前と比べて、好きな食べ物の好みや習慣は変わりました？,ライフスタイルの把握
ライフスタイル,好きな食べ物,SITUATIONAL,忙しい時期でも好きな食べ物は崩れにくいですか？,ライフスタイルの把握
ライフスタイル,好きな食べ物,SITUATIONAL,旅行先でも好きな食べ物は普段通り保ちたいタイプですか？,ライフスタイルの把握
ライフスタイル,好きな食べ物,OBSERVATION,生活の話になると、好きな食べ物がはっきり見えますね。,ライフスタイルの把握
ライフスタイル,好きな食べ物,OBSERVATION,日常の整え方に好きな食べ物が出ていますね。,ライフスタイルの把握
ライフスタイル,好きな食べ物,HYPOTHETICAL,もし丸一日自由なら、好きな食べ物にどう時間を使いますか？,ライフスタイルの把握
ライフスタイル,好きな食べ物,HYPOTHETICAL,理想の暮らしだと、好きな食べ物は今とどう変わりますか？,ライフスタイルの把握
ライフスタイル,好きな動物,DIRECT,普段の好きな動物ってどんな感じですか？,ライフスタイルの把握
ライフスタイル,好きな動物,DIRECT,日常だと好きな動物はどのくらい大事ですか？,ライフスタイルの把握
ライフスタイル,好きな動物,INDIRECT,休日や平日の過ごし方で、好きな動物はどう出ますか？,ライフスタイルの把握
ライフスタイル,好きな動物,INDIRECT,日々の習慣って、わりと決まってますか？,ライフスタイルの把握
ライフスタイル,好きな動物,ASSUMPTION,好きな動物には結構こだわりありそうですね。,ライフスタイルの把握
ライフスタイル,好きな動物,ASSUMPTION,生活の中で好きな動物が安定してそうです。,ライフスタイルの把握
ライフスタイル,好きな動物,COMPARISON,人によって生活の重心って違いますよね。好きな動物はどちら寄りですか？,ライフスタイルの把握
ライフスタイル,好きな動物,COMPARISON,周りと比べると、好きな動物に時間を使う方ですか？,ライフスタイルの把握
ライフスタイル,好きな動物,PAST,昔から好きな動物は変わらない方ですか？,ライフスタイルの把握
ライフスタイル,好きな動物,PAST,以前と比べて、好きな動物の好みや習慣は変わりました？,ライフスタイルの把握
ライフスタイル,好きな動物,SITUATIONAL,忙しい時期でも好きな動物は崩れにくいですか？,ライフスタイルの把握
ライフスタイル,好きな動物,SITUATIONAL,旅行先でも好きな動物は普段通り保ちたいタイプですか？,ライフスタイルの把握
ライフスタイル,好きな動物,OBSERVATION,生活の話になると、好きな動物がはっきり見えますね。,ライフスタイルの把握
ライフスタイル,好きな動物,OBSERVATION,日常の整え方に好きな動物が出ていますね。,ライフスタイルの把握
ライフスタイル,好きな動物,HYPOTHETICAL,もし丸一日自由なら、好きな動物にどう時間を使いますか？,ライフスタイルの把握
ライフスタイル,好きな動物,HYPOTHETICAL,理想の暮らしだと、好きな動物は今とどう変わりますか？,ライフスタイルの把握
ライフスタイル,消費行動,DIRECT,普段の消費行動ってどんな感じですか？,ライフスタイルの把握
ライフスタイル,消費行動,DIRECT,日常だと消費行動はどのくらい大事ですか？,ライフスタイルの把握
ライフスタイル,消費行動,INDIRECT,休日や平日の過ごし方で、消費行動はどう出ますか？,ライフスタイルの把握
ライフスタイル,消費行動,INDIRECT,日々の習慣って、わりと決まってますか？,ライフスタイルの把握
ライフスタイル,消費行動,ASSUMPTION,消費行動には結構こだわりありそうですね。,ライフスタイルの把握
ライフスタイル,消費行動,ASSUMPTION,生活の中で消費行動が安定してそうです。,ライフスタイルの把握
ライフスタイル,消費行動,COMPARISON,人によって生活の重心って違いますよね。消費行動はどちら寄りですか？,ライフスタイルの把握
ライフスタイル,消費行動,COMPARISON,周りと比べると、消費行動に時間を使う方ですか？,ライフスタイルの把握
ライフスタイル,消費行動,PAST,昔から消費行動は変わらない方ですか？,ライフスタイルの把握
ライフスタイル,消費行動,PAST,以前と比べて、消費行動の好みや習慣は変わりました？,ライフスタイルの把握
ライフスタイル,消費行動,SITUATIONAL,忙しい時期でも消費行動は崩れにくいですか？,ライフスタイルの把握
ライフスタイル,消費行動,SITUATIONAL,旅行先でも消費行動は普段通り保ちたいタイプですか？,ライフスタイルの把握
ライフスタイル,消費行動,OBSERVATION,生活の話になると、消費行動がはっきり見えますね。,ライフスタイルの把握
ライフスタイル,消費行動,OBSERVATION,日常の整え方に消費行動が出ていますね。,ライフスタイルの把握
ライフスタイル,消費行動,HYPOTHETICAL,もし丸一日自由なら、消費行動にどう時間を使いますか？,ライフスタイルの把握
ライフスタイル,消費行動,HYPOTHETICAL,理想の暮らしだと、消費行動は今とどう変わりますか？,ライフスタイルの把握
情報環境,ニュース源,DIRECT,普段のニュース源ってどんな感じですか？,情報環境の把握
情報環境,ニュース源,DIRECT,情報の取り方として、ニュース源はどのくらい使ってますか？,情報環境の把握
情報環境,ニュース源,INDIRECT,最近よく触れてるメディアって何ですか？,情報環境の把握
情報環境,ニュース源,INDIRECT,気になる話題を追うとき、最初にどこを見ます？,情報環境の把握
情報環境,ニュース源,ASSUMPTION,ニュース源はかなり日常に入ってそうですね。,情報環境の把握
情報環境,ニュース源,ASSUMPTION,情報の取り方にニュース源の癖がありそうです。,情報環境の把握
情報環境,ニュース源,COMPARISON,人によって情報の取り方って違いますよね。ニュース源は多い方ですか？,情報環境の把握
情報環境,ニュース源,COMPARISON,テキスト派と動画派っていますよね。ニュース源はどちら寄りですか？,情報環境の把握
情報環境,ニュース源,PAST,昔と比べてニュース源の使い方って変わりました？,情報環境の把握
情報環境,ニュース源,PAST,以前からニュース源はよく使ってました？,情報環境の把握
情報環境,ニュース源,SITUATIONAL,大きなニュースが出たとき、ニュース源はどう使いますか？,情報環境の把握
情報環境,ニュース源,SITUATIONAL,何か深く調べたいとき、ニュース源はどの順番で使いますか？,情報環境の把握
情報環境,ニュース源,OBSERVATION,話題の拾い方にニュース源が出ていますね。,情報環境の把握
情報環境,ニュース源,OBSERVATION,情報の感度が高くて、ニュース源もかなり使ってそうですね。,情報環境の把握
情報環境,ニュース源,HYPOTHETICAL,もし一つだけ残すなら、ニュース源は残しますか？,情報環境の把握
情報環境,ニュース源,HYPOTHETICAL,情報源を整理するとしたら、ニュース源は増やしますか減らしますか？,情報環境の把握
情報環境,SNS,DIRECT,普段のSNSってどんな感じですか？,情報環境の把握
情報環境,SNS,DIRECT,情報の取り方として、SNSはどのくらい使ってますか？,情報環境の把握
情報環境,SNS,INDIRECT,最近よく触れてるメディアって何ですか？,情報環境の把握
情報環境,SNS,INDIRECT,気になる話題を追うとき、最初にどこを見ます？,情報環境の把握
情報環境,SNS,ASSUMPTION,SNSはかなり日常に入ってそうですね。,情報環境の把握
情報環境,SNS,ASSUMPTION,情報の取り方にSNSの癖がありそうです。,情報環境の把握
情報環境,SNS,COMPARISON,人によって情報の取り方って違いますよね。SNSは多い方ですか？,情報環境の把握
情報環境,SNS,COMPARISON,テキスト派と動画派っていますよね。SNSはどちら寄りですか？,情報環境の把握
情報環境,SNS,PAST,昔と比べてSNSの使い方って変わりました？,情報環境の把握
情報環境,SNS,PAST,以前からSNSはよく使ってました？,情報環境の把握
情報環境,SNS,SITUATIONAL,大きなニュースが出たとき、SNSはどう使いますか？,情報環境の把握
情報環境,SNS,SITUATIONAL,何か深く調べたいとき、SNSはどの順番で使いますか？,情報環境の把握
情報環境,SNS,OBSERVATION,話題の拾い方にSNSが出ていますね。,情報環境の把握
情報環境,SNS,OBSERVATION,情報の感度が高くて、SNSもかなり使ってそうですね。,情報環境の把握
情報環境,SNS,HYPOTHETICAL,もし一つだけ残すなら、SNSは残しますか？,情報環境の把握
情報環境,SNS,HYPOTHETICAL,情報源を整理するとしたら、SNSは増やしますか減らしますか？,情報環境の把握
情報環境,SNS使用時間,DIRECT,普段のSNS使用時間ってどんな感じですか？,情報環境の把握
情報環境,SNS使用時間,DIRECT,情報の取り方として、SNS使用時間はどのくらい使ってますか？,情報環境の把握
情報環境,SNS使用時間,INDIRECT,最近よく触れてるメディアって何ですか？,情報環境の把握
情報環境,SNS使用時間,INDIRECT,気になる話題を追うとき、最初にどこを見ます？,情報環境の把握
情報環境,SNS使用時間,ASSUMPTION,SNS使用時間はかなり日常に入ってそうですね。,情報環境の把握
情報環境,SNS使用時間,ASSUMPTION,情報の取り方にSNS使用時間の癖がありそうです。,情報環境の把握
情報環境,SNS使用時間,COMPARISON,人によって情報の取り方って違いますよね。SNS使用時間は多い方ですか？,情報環境の把握
情報環境,SNS使用時間,COMPARISON,テキスト派と動画派っていますよね。SNS使用時間はどちら寄りですか？,情報環境の把握
情報環境,SNS使用時間,PAST,昔と比べてSNS使用時間の使い方って変わりました？,情報環境の把握
情報環境,SNS使用時間,PAST,以前からSNS使用時間はよく使ってました？,情報環境の把握
情報環境,SNS使用時間,SITUATIONAL,大きなニュースが出たとき、SNS使用時間はどう使いますか？,情報環境の把握
情報環境,SNS使用時間,SITUATIONAL,何か深く調べたいとき、SNS使用時間はどの順番で使いますか？,情報環境の把握
情報環境,SNS使用時間,OBSERVATION,話題の拾い方にSNS使用時間が出ていますね。,情報環境の把握
情報環境,SNS使用時間,OBSERVATION,情報の感度が高くて、SNS使用時間もかなり使ってそうですね。,情報環境の把握
情報環境,SNS使用時間,HYPOTHETICAL,もし一つだけ残すなら、SNS使用時間は残しますか？,情報環境の把握
情報環境,SNS使用時間,HYPOTHETICAL,情報源を整理するとしたら、SNS使用時間は増やしますか減らしますか？,情報環境の把握
情報環境,SNS利用理由,DIRECT,普段のSNS利用理由ってどんな感じですか？,情報環境の把握
情報環境,SNS利用理由,DIRECT,情報の取り方として、SNS利用理由はどのくらい使ってますか？,情報環境の把握
情報環境,SNS利用理由,INDIRECT,最近よく触れてるメディアって何ですか？,情報環境の把握
情報環境,SNS利用理由,INDIRECT,気になる話題を追うとき、最初にどこを見ます？,情報環境の把握
情報環境,SNS利用理由,ASSUMPTION,SNS利用理由はかなり日常に入ってそうですね。,情報環境の把握
情報環境,SNS利用理由,ASSUMPTION,情報の取り方にSNS利用理由の癖がありそうです。,情報環境の把握
情報環境,SNS利用理由,COMPARISON,人によって情報の取り方って違いますよね。SNS利用理由は多い方ですか？,情報環境の把握
情報環境,SNS利用理由,COMPARISON,テキスト派と動画派っていますよね。SNS利用理由はどちら寄りですか？,情報環境の把握
情報環境,SNS利用理由,PAST,昔と比べてSNS利用理由の使い方って変わりました？,情報環境の把握
情報環境,SNS利用理由,PAST,以前からSNS利用理由はよく使ってました？,情報環境の把握
情報環境,SNS利用理由,SITUATIONAL,大きなニュースが出たとき、SNS利用理由はどう使いますか？,情報環境の把握
情報環境,SNS利用理由,SITUATIONAL,何か深く調べたいとき、SNS利用理由はどの順番で使いますか？,情報環境の把握
情報環境,SNS利用理由,OBSERVATION,話題の拾い方にSNS利用理由が出ていますね。,情報環境の把握
情報環境,SNS利用理由,OBSERVATION,情報の感度が高くて、SNS利用理由もかなり使ってそうですね。,情報環境の把握
情報環境,SNS利用理由,HYPOTHETICAL,もし一つだけ残すなら、SNS利用理由は残しますか？,情報環境の把握
情報環境,SNS利用理由,HYPOTHETICAL,情報源を整理するとしたら、SNS利用理由は増やしますか減らしますか？,情報環境の把握
情報環境,読書,DIRECT,普段の読書ってどんな感じですか？,情報環境の把握
情報環境,読書,DIRECT,情報の取り方として、読書はどのくらい使ってますか？,情報環境の把握
情報環境,読書,INDIRECT,最近よく触れてるメディアって何ですか？,情報環境の把握
情報環境,読書,INDIRECT,気になる話題を追うとき、最初にどこを見ます？,情報環境の把握
情報環境,読書,ASSUMPTION,読書はかなり日常に入ってそうですね。,情報環境の把握
情報環境,読書,ASSUMPTION,情報の取り方に読書の癖がありそうです。,情報環境の把握
情報環境,読書,COMPARISON,人によって情報の取り方って違いますよね。読書は多い方ですか？,情報環境の把握
情報環境,読書,COMPARISON,テキスト派と動画派っていますよね。読書はどちら寄りですか？,情報環境の把握
情報環境,読書,PAST,昔と比べて読書の使い方って変わりました？,情報環境の把握
情報環境,読書,PAST,以前から読書はよく使ってました？,情報環境の把握
情報環境,読書,SITUATIONAL,大きなニュースが出たとき、読書はどう使いますか？,情報環境の把握
情報環境,読書,SITUATIONAL,何か深く調べたいとき、読書はどの順番で使いますか？,情報環境の把握
情報環境,読書,OBSERVATION,話題の拾い方に読書が出ていますね。,情報環境の把握
情報環境,読書,OBSERVATION,情報の感度が高くて、読書もかなり使ってそうですね。,情報環境の把握
情報環境,読書,HYPOTHETICAL,もし一つだけ残すなら、読書は残しますか？,情報環境の把握
情報環境,読書,HYPOTHETICAL,情報源を整理するとしたら、読書は増やしますか減らしますか？,情報環境の把握
情報環境,YouTube,DIRECT,普段のYouTubeってどんな感じですか？,情報環境の把握
情報環境,YouTube,DIRECT,情報の取り方として、YouTubeはどのくらい使ってますか？,情報環境の把握
情報環境,YouTube,INDIRECT,最近よく触れてるメディアって何ですか？,情報環境の把握
情報環境,YouTube,INDIRECT,気になる話題を追うとき、最初にどこを見ます？,情報環境の把握
情報環境,YouTube,ASSUMPTION,YouTubeはかなり日常に入ってそうですね。,情報環境の把握
情報環境,YouTube,ASSUMPTION,情報の取り方にYouTubeの癖がありそうです。,情報環境の把握
情報環境,YouTube,COMPARISON,人によって情報の取り方って違いますよね。YouTubeは多い方ですか？,情報環境の把握
情報環境,YouTube,COMPARISON,テキスト派と動画派っていますよね。YouTubeはどちら寄りですか？,情報環境の把握
情報環境,YouTube,PAST,昔と比べてYouTubeの使い方って変わりました？,情報環境の把握
情報環境,YouTube,PAST,以前からYouTubeはよく使ってました？,情報環境の把握
情報環境,YouTube,SITUATIONAL,大きなニュースが出たとき、YouTubeはどう使いますか？,情報環境の把握
情報環境,YouTube,SITUATIONAL,何か深く調べたいとき、YouTubeはどの順番で使いますか？,情報環境の把握
情報環境,YouTube,OBSERVATION,話題の拾い方にYouTubeが出ていますね。,情報環境の把握
情報環境,YouTube,OBSERVATION,情報の感度が高くて、YouTubeもかなり使ってそうですね。,情報環境の把握
情報環境,YouTube,HYPOTHETICAL,もし一つだけ残すなら、YouTubeは残しますか？,情報環境の把握
情報環境,YouTube,HYPOTHETICAL,情報源を整理するとしたら、YouTubeは増やしますか減らしますか？,情報環境の把握
情報環境,ポッドキャスト,DIRECT,普段のポッドキャストってどんな感じですか？,情報環境の把握
情報環境,ポッドキャスト,DIRECT,情報の取り方として、ポッドキャストはどのくらい使ってますか？,情報環境の把握
情報環境,ポッドキャスト,INDIRECT,最近よく触れてるメディアって何ですか？,情報環境の把握
情報環境,ポッドキャスト,INDIRECT,気になる話題を追うとき、最初にどこを見ます？,情報環境の把握
情報環境,ポッドキャスト,ASSUMPTION,ポッドキャストはかなり日常に入ってそうですね。,情報環境の把握
情報環境,ポッドキャスト,ASSUMPTION,情報の取り方にポッドキャストの癖がありそうです。,情報環境の把握
情報環境,ポッドキャスト,COMPARISON,人によって情報の取り方って違いますよね。ポッドキャストは多い方ですか？,情報環境の把握
情報環境,ポッドキャスト,COMPARISON,テキスト派と動画派っていますよね。ポッドキャストはどちら寄りですか？,情報環境の把握
情報環境,ポッドキャスト,PAST,昔と比べてポッドキャストの使い方って変わりました？,情報環境の把握
情報環境,ポッドキャスト,PAST,以前からポッドキャストはよく使ってました？,情報環境の把握
情報環境,ポッドキャスト,SITUATIONAL,大きなニュースが出たとき、ポッドキャストはどう使いますか？,情報環境の把握
情報環境,ポッドキャスト,SITUATIONAL,何か深く調べたいとき、ポッドキャストはどの順番で使いますか？,情報環境の把握
情報環境,ポッドキャスト,OBSERVATION,話題の拾い方にポッドキャストが出ていますね。,情報環境の把握
情報環境,ポッドキャスト,OBSERVATION,情報の感度が高くて、ポッドキャストもかなり使ってそうですね。,情報環境の把握
情報環境,ポッドキャスト,HYPOTHETICAL,もし一つだけ残すなら、ポッドキャストは残しますか？,情報環境の把握
情報環境,ポッドキャスト,HYPOTHETICAL,情報源を整理するとしたら、ポッドキャストは増やしますか減らしますか？,情報環境の把握
情報環境,思想的影響,DIRECT,普段の思想的影響ってどんな感じですか？,情報環境の把握
情報環境,思想的影響,DIRECT,情報の取り方として、思想的影響はどのくらい使ってますか？,情報環境の把握
情報環境,思想的影響,INDIRECT,最近よく触れてるメディアって何ですか？,情報環境の把握
情報環境,思想的影響,INDIRECT,気になる話題を追うとき、最初にどこを見ます？,情報環境の把握
情報環境,思想的影響,ASSUMPTION,思想的影響はかなり日常に入ってそうですね。,情報環境の把握
情報環境,思想的影響,ASSUMPTION,情報の取り方に思想的影響の癖がありそうです。,情報環境の把握
情報環境,思想的影響,COMPARISON,人によって情報の取り方って違いますよね。思想的影響は多い方ですか？,情報環境の把握
情報環境,思想的影響,COMPARISON,テキスト派と動画派っていますよね。思想的影響はどちら寄りですか？,情報環境の把握
情報環境,思想的影響,PAST,昔と比べて思想的影響の使い方って変わりました？,情報環境の把握
情報環境,思想的影響,PAST,以前から思想的影響はよく使ってました？,情報環境の把握
情報環境,思想的影響,SITUATIONAL,大きなニュースが出たとき、思想的影響はどう使いますか？,情報環境の把握
情報環境,思想的影響,SITUATIONAL,何か深く調べたいとき、思想的影響はどの順番で使いますか？,情報環境の把握
情報環境,思想的影響,OBSERVATION,話題の拾い方に思想的影響が出ていますね。,情報環境の把握
情報環境,思想的影響,OBSERVATION,情報の感度が高くて、思想的影響もかなり使ってそうですね。,情報環境の把握
情報環境,思想的影響,HYPOTHETICAL,もし一つだけ残すなら、思想的影響は残しますか？,情報環境の把握
情報環境,思想的影響,HYPOTHETICAL,情報源を整理するとしたら、思想的影響は増やしますか減らしますか？,情報環境の把握
能力,言語能力,DIRECT,自分では言語能力って強い方だと思います？,能力傾向の推定
能力,言語能力,DIRECT,周りから言語能力を褒められることあります？,能力傾向の推定
能力,言語能力,INDIRECT,何をしているときに一番やりやすさを感じますか？,能力傾向の推定
能力,言語能力,INDIRECT,得意だなと思えることって、どんな場面で出ます？,能力傾向の推定
能力,言語能力,ASSUMPTION,話していて、言語能力はかなり高そうですね。,能力傾向の推定
能力,言語能力,ASSUMPTION,普段の動きに言語能力が自然に出てますね。,能力傾向の推定
能力,言語能力,COMPARISON,人によって得意不得意って違いますよね。言語能力は強い方ですか？,能力傾向の推定
能力,言語能力,COMPARISON,周りと比べると、言語能力は目立つ方だと思います？,能力傾向の推定
能力,言語能力,PAST,昔から言語能力は得意でした？,能力傾向の推定
能力,言語能力,PAST,学生時代にも言語能力で助かったことありました？,能力傾向の推定
能力,言語能力,SITUATIONAL,初めての課題に向き合うとき、言語能力はどう活きますか？,能力傾向の推定
能力,言語能力,SITUATIONAL,人から頼られる場面って、言語能力に関係することが多いですか？,能力傾向の推定
能力,言語能力,OBSERVATION,今の話し方からも言語能力が伝わりますね。,能力傾向の推定
能力,言語能力,OBSERVATION,やり取りしていて、言語能力が強い印象です。,能力傾向の推定
能力,言語能力,HYPOTHETICAL,もし仕事以外で活かすなら、言語能力をどこで使いたいですか？,能力傾向の推定
能力,言語能力,HYPOTHETICAL,今より言語能力を伸ばせるなら、どの方向がいいですか？,能力傾向の推定
能力,数理能力,DIRECT,自分では数理能力って強い方だと思います？,能力傾向の推定
能力,数理能力,DIRECT,周りから数理能力を褒められることあります？,能力傾向の推定
能力,数理能力,INDIRECT,何をしているときに一番やりやすさを感じますか？,能力傾向の推定
能力,数理能力,INDIRECT,得意だなと思えることって、どんな場面で出ます？,能力傾向の推定
能力,数理能力,ASSUMPTION,話していて、数理能力はかなり高そうですね。,能力傾向の推定
能力,数理能力,ASSUMPTION,普段の動きに数理能力が自然に出てますね。,能力傾向の推定
能力,数理能力,COMPARISON,人によって得意不得意って違いますよね。数理能力は強い方ですか？,能力傾向の推定
能力,数理能力,COMPARISON,周りと比べると、数理能力は目立つ方だと思います？,能力傾向の推定
能力,数理能力,PAST,昔から数理能力は得意でした？,能力傾向の推定
能力,数理能力,PAST,学生時代にも数理能力で助かったことありました？,能力傾向の推定
能力,数理能力,SITUATIONAL,初めての課題に向き合うとき、数理能力はどう活きますか？,能力傾向の推定
能力,数理能力,SITUATIONAL,人から頼られる場面って、数理能力に関係することが多いですか？,能力傾向の推定
能力,数理能力,OBSERVATION,今の話し方からも数理能力が伝わりますね。,能力傾向の推定
能力,数理能力,OBSERVATION,やり取りしていて、数理能力が強い印象です。,能力傾向の推定
能力,数理能力,HYPOTHETICAL,もし仕事以外で活かすなら、数理能力をどこで使いたいですか？,能力傾向の推定
能力,数理能力,HYPOTHETICAL,今より数理能力を伸ばせるなら、どの方向がいいですか？,能力傾向の推定
能力,創造性,DIRECT,自分では創造性って強い方だと思います？,能力傾向の推定
能力,創造性,DIRECT,周りから創造性を褒められることあります？,能力傾向の推定
能力,創造性,INDIRECT,何をしているときに一番やりやすさを感じますか？,能力傾向の推定
能力,創造性,INDIRECT,得意だなと思えることって、どんな場面で出ます？,能力傾向の推定
能力,創造性,ASSUMPTION,話していて、創造性はかなり高そうですね。,能力傾向の推定
能力,創造性,ASSUMPTION,普段の動きに創造性が自然に出てますね。,能力傾向の推定
能力,創造性,COMPARISON,人によって得意不得意って違いますよね。創造性は強い方ですか？,能力傾向の推定
能力,創造性,COMPARISON,周りと比べると、創造性は目立つ方だと思います？,能力傾向の推定
能力,創造性,PAST,昔から創造性は得意でした？,能力傾向の推定
能力,創造性,PAST,学生時代にも創造性で助かったことありました？,能力傾向の推定
能力,創造性,SITUATIONAL,初めての課題に向き合うとき、創造性はどう活きますか？,能力傾向の推定
能力,創造性,SITUATIONAL,人から頼られる場面って、創造性に関係することが多いですか？,能力傾向の推定
能力,創造性,OBSERVATION,今の話し方からも創造性が伝わりますね。,能力傾向の推定
能力,創造性,OBSERVATION,やり取りしていて、創造性が強い印象です。,能力傾向の推定
能力,創造性,HYPOTHETICAL,もし仕事以外で活かすなら、創造性をどこで使いたいですか？,能力傾向の推定
能力,創造性,HYPOTHETICAL,今より創造性を伸ばせるなら、どの方向がいいですか？,能力傾向の推定
能力,技術能力,DIRECT,自分では技術能力って強い方だと思います？,能力傾向の推定
能力,技術能力,DIRECT,周りから技術能力を褒められることあります？,能力傾向の推定
能力,技術能力,INDIRECT,何をしているときに一番やりやすさを感じますか？,能力傾向の推定
能力,技術能力,INDIRECT,得意だなと思えることって、どんな場面で出ます？,能力傾向の推定
能力,技術能力,ASSUMPTION,話していて、技術能力はかなり高そうですね。,能力傾向の推定
能力,技術能力,ASSUMPTION,普段の動きに技術能力が自然に出てますね。,能力傾向の推定
能力,技術能力,COMPARISON,人によって得意不得意って違いますよね。技術能力は強い方ですか？,能力傾向の推定
能力,技術能力,COMPARISON,周りと比べると、技術能力は目立つ方だと思います？,能力傾向の推定
能力,技術能力,PAST,昔から技術能力は得意でした？,能力傾向の推定
能力,技術能力,PAST,学生時代にも技術能力で助かったことありました？,能力傾向の推定
能力,技術能力,SITUATIONAL,初めての課題に向き合うとき、技術能力はどう活きますか？,能力傾向の推定
能力,技術能力,SITUATIONAL,人から頼られる場面って、技術能力に関係することが多いですか？,能力傾向の推定
能力,技術能力,OBSERVATION,今の話し方からも技術能力が伝わりますね。,能力傾向の推定
能力,技術能力,OBSERVATION,やり取りしていて、技術能力が強い印象です。,能力傾向の推定
能力,技術能力,HYPOTHETICAL,もし仕事以外で活かすなら、技術能力をどこで使いたいですか？,能力傾向の推定
能力,技術能力,HYPOTHETICAL,今より技術能力を伸ばせるなら、どの方向がいいですか？,能力傾向の推定
能力,身体能力,DIRECT,自分では身体能力って強い方だと思います？,能力傾向の推定
能力,身体能力,DIRECT,周りから身体能力を褒められることあります？,能力傾向の推定
能力,身体能力,INDIRECT,何をしているときに一番やりやすさを感じますか？,能力傾向の推定
能力,身体能力,INDIRECT,得意だなと思えることって、どんな場面で出ます？,能力傾向の推定
能力,身体能力,ASSUMPTION,話していて、身体能力はかなり高そうですね。,能力傾向の推定
能力,身体能力,ASSUMPTION,普段の動きに身体能力が自然に出てますね。,能力傾向の推定
能力,身体能力,COMPARISON,人によって得意不得意って違いますよね。身体能力は強い方ですか？,能力傾向の推定
能力,身体能力,COMPARISON,周りと比べると、身体能力は目立つ方だと思います？,能力傾向の推定
能力,身体能力,PAST,昔から身体能力は得意でした？,能力傾向の推定
能力,身体能力,PAST,学生時代にも身体能力で助かったことありました？,能力傾向の推定
能力,身体能力,SITUATIONAL,初めての課題に向き合うとき、身体能力はどう活きますか？,能力傾向の推定
能力,身体能力,SITUATIONAL,人から頼られる場面って、身体能力に関係することが多いですか？,能力傾向の推定
能力,身体能力,OBSERVATION,今の話し方からも身体能力が伝わりますね。,能力傾向の推定
能力,身体能力,OBSERVATION,やり取りしていて、身体能力が強い印象です。,能力傾向の推定
能力,身体能力,HYPOTHETICAL,もし仕事以外で活かすなら、身体能力をどこで使いたいですか？,能力傾向の推定
能力,身体能力,HYPOTHETICAL,今より身体能力を伸ばせるなら、どの方向がいいですか？,能力傾向の推定
能力,コミュニケーション能力,DIRECT,自分ではコミュニケーション能力って強い方だと思います？,能力傾向の推定
能力,コミュニケーション能力,DIRECT,周りからコミュニケーション能力を褒められることあります？,能力傾向の推定
能力,コミュニケーション能力,INDIRECT,何をしているときに一番やりやすさを感じますか？,能力傾向の推定
能力,コミュニケーション能力,INDIRECT,得意だなと思えることって、どんな場面で出ます？,能力傾向の推定
能力,コミュニケーション能力,ASSUMPTION,話していて、コミュニケーション能力はかなり高そうですね。,能力傾向の推定
能力,コミュニケーション能力,ASSUMPTION,普段の動きにコミュニケーション能力が自然に出てますね。,能力傾向の推定
能力,コミュニケーション能力,COMPARISON,人によって得意不得意って違いますよね。コミュニケーション能力は強い方ですか？,能力傾向の推定
能力,コミュニケーション能力,COMPARISON,周りと比べると、コミュニケーション能力は目立つ方だと思います？,能力傾向の推定
能力,コミュニケーション能力,PAST,昔からコミュニケーション能力は得意でした？,能力傾向の推定
能力,コミュニケーション能力,PAST,学生時代にもコミュニケーション能力で助かったことありました？,能力傾向の推定
能力,コミュニケーション能力,SITUATIONAL,初めての課題に向き合うとき、コミュニケーション能力はどう活きますか？,能力傾向の推定
能力,コミュニケーション能力,SITUATIONAL,人から頼られる場面って、コミュニケーション能力に関係することが多いですか？,能力傾向の推定
能力,コミュニケーション能力,OBSERVATION,今の話し方からもコミュニケーション能力が伝わりますね。,能力傾向の推定
能力,コミュニケーション能力,OBSERVATION,やり取りしていて、コミュニケーション能力が強い印象です。,能力傾向の推定
能力,コミュニケーション能力,HYPOTHETICAL,もし仕事以外で活かすなら、コミュニケーション能力をどこで使いたいですか？,能力傾向の推定
能力,コミュニケーション能力,HYPOTHETICAL,今よりコミュニケーション能力を伸ばせるなら、どの方向がいいですか？,能力傾向の推定
弱点,コンプレックス,DIRECT,差し支えなければ、コンプレックスってありますか？,弱点・脆弱性の推定
弱点,コンプレックス,DIRECT,自分でこれは弱いなと思うコンプレックスはあります？,弱点・脆弱性の推定
弱点,コンプレックス,INDIRECT,無理が続くと、どんなところに出やすいですか？,弱点・脆弱性の推定
弱点,コンプレックス,INDIRECT,苦手だなと思う場面って、どんな時ですか？,弱点・脆弱性の推定
弱点,コンプレックス,ASSUMPTION,誰でもコンプレックスって少しありますよね。,弱点・脆弱性の推定
弱点,コンプレックス,ASSUMPTION,普段は見えなくても、コンプレックスは持ってそうですね。,弱点・脆弱性の推定
弱点,コンプレックス,COMPARISON,人によって抱えやすいものって違いますよね。コンプレックスはありますか？,弱点・脆弱性の推定
弱点,コンプレックス,COMPARISON,まわりより気になりやすいコンプレックスってあります？,弱点・脆弱性の推定
弱点,コンプレックス,PAST,これまでにコンプレックスを強く感じた時期ってありました？,弱点・脆弱性の推定
弱点,コンプレックス,PAST,昔からコンプレックスは同じ感じでした？,弱点・脆弱性の推定
弱点,コンプレックス,SITUATIONAL,追い込まれたとき、コンプレックスは出やすいですか？,弱点・脆弱性の推定
弱点,コンプレックス,SITUATIONAL,苦手な場面に入ると、コンプレックスはどう出ますか？,弱点・脆弱性の推定
弱点,コンプレックス,OBSERVATION,無理は抱え込みすぎないタイプに見えますが、コンプレックスはありますか？,弱点・脆弱性の推定
弱点,コンプレックス,OBSERVATION,普段しっかりしていても、コンプレックスは誰でもありますよね。,弱点・脆弱性の推定
弱点,コンプレックス,HYPOTHETICAL,もし一つだけ手放せるなら、コンプレックスのどの部分を軽くしたいですか？,弱点・脆弱性の推定
弱点,コンプレックス,HYPOTHETICAL,理想の自分に近づくとしたら、コンプレックスはどう変えたいですか？,弱点・脆弱性の推定
弱点,不安,DIRECT,差し支えなければ、不安ってありますか？,弱点・脆弱性の推定
弱点,不安,DIRECT,自分でこれは弱いなと思う不安はあります？,弱点・脆弱性の推定
弱点,不安,INDIRECT,無理が続くと、どんなところに出やすいですか？,弱点・脆弱性の推定
弱点,不安,INDIRECT,苦手だなと思う場面って、どんな時ですか？,弱点・脆弱性の推定
弱点,不安,ASSUMPTION,誰でも不安って少しありますよね。,弱点・脆弱性の推定
弱点,不安,ASSUMPTION,普段は見えなくても、不安は持ってそうですね。,弱点・脆弱性の推定
弱点,不安,COMPARISON,人によって抱えやすいものって違いますよね。不安はありますか？,弱点・脆弱性の推定
弱点,不安,COMPARISON,まわりより気になりやすい不安ってあります？,弱点・脆弱性の推定
弱点,不安,PAST,これまでに不安を強く感じた時期ってありました？,弱点・脆弱性の推定
弱点,不安,PAST,昔から不安は同じ感じでした？,弱点・脆弱性の推定
弱点,不安,SITUATIONAL,追い込まれたとき、不安は出やすいですか？,弱点・脆弱性の推定
弱点,不安,SITUATIONAL,苦手な場面に入ると、不安はどう出ますか？,弱点・脆弱性の推定
弱点,不安,OBSERVATION,無理は抱え込みすぎないタイプに見えますが、不安はありますか？,弱点・脆弱性の推定
弱点,不安,OBSERVATION,普段しっかりしていても、不安は誰でもありますよね。,弱点・脆弱性の推定
弱点,不安,HYPOTHETICAL,もし一つだけ手放せるなら、不安のどの部分を軽くしたいですか？,弱点・脆弱性の推定
弱点,不安,HYPOTHETICAL,理想の自分に近づくとしたら、不安はどう変えたいですか？,弱点・脆弱性の推定
弱点,恐怖,DIRECT,差し支えなければ、恐怖ってありますか？,弱点・脆弱性の推定
弱点,恐怖,DIRECT,自分でこれは弱いなと思う恐怖はあります？,弱点・脆弱性の推定
弱点,恐怖,INDIRECT,無理が続くと、どんなところに出やすいですか？,弱点・脆弱性の推定
弱点,恐怖,INDIRECT,苦手だなと思う場面って、どんな時ですか？,弱点・脆弱性の推定
弱点,恐怖,ASSUMPTION,誰でも恐怖って少しありますよね。,弱点・脆弱性の推定
弱点,恐怖,ASSUMPTION,普段は見えなくても、恐怖は持ってそうですね。,弱点・脆弱性の推定
弱点,恐怖,COMPARISON,人によって抱えやすいものって違いますよね。恐怖はありますか？,弱点・脆弱性の推定
弱点,恐怖,COMPARISON,まわりより気になりやすい恐怖ってあります？,弱点・脆弱性の推定
弱点,恐怖,PAST,これまでに恐怖を強く感じた時期ってありました？,弱点・脆弱性の推定
弱点,恐怖,PAST,昔から恐怖は同じ感じでした？,弱点・脆弱性の推定
弱点,恐怖,SITUATIONAL,追い込まれたとき、恐怖は出やすいですか？,弱点・脆弱性の推定
弱点,恐怖,SITUATIONAL,苦手な場面に入ると、恐怖はどう出ますか？,弱点・脆弱性の推定
弱点,恐怖,OBSERVATION,無理は抱え込みすぎないタイプに見えますが、恐怖はありますか？,弱点・脆弱性の推定
弱点,恐怖,OBSERVATION,普段しっかりしていても、恐怖は誰でもありますよね。,弱点・脆弱性の推定
弱点,恐怖,HYPOTHETICAL,もし一つだけ手放せるなら、恐怖のどの部分を軽くしたいですか？,弱点・脆弱性の推定
弱点,恐怖,HYPOTHETICAL,理想の自分に近づくとしたら、恐怖はどう変えたいですか？,弱点・脆弱性の推定
弱点,ストレス要因,DIRECT,差し支えなければ、ストレス要因ってありますか？,弱点・脆弱性の推定
弱点,ストレス要因,DIRECT,自分でこれは弱いなと思うストレス要因はあります？,弱点・脆弱性の推定
弱点,ストレス要因,INDIRECT,無理が続くと、どんなところに出やすいですか？,弱点・脆弱性の推定
弱点,ストレス要因,INDIRECT,苦手だなと思う場面って、どんな時ですか？,弱点・脆弱性の推定
弱点,ストレス要因,ASSUMPTION,誰でもストレス要因って少しありますよね。,弱点・脆弱性の推定
弱点,ストレス要因,ASSUMPTION,普段は見えなくても、ストレス要因は持ってそうですね。,弱点・脆弱性の推定
弱点,ストレス要因,COMPARISON,人によって抱えやすいものって違いますよね。ストレス要因はありますか？,弱点・脆弱性の推定
弱点,ストレス要因,COMPARISON,まわりより気になりやすいストレス要因ってあります？,弱点・脆弱性の推定
弱点,ストレス要因,PAST,これまでにストレス要因を強く感じた時期ってありました？,弱点・脆弱性の推定
弱点,ストレス要因,PAST,昔からストレス要因は同じ感じでした？,弱点・脆弱性の推定
弱点,ストレス要因,SITUATIONAL,追い込まれたとき、ストレス要因は出やすいですか？,弱点・脆弱性の推定
弱点,ストレス要因,SITUATIONAL,苦手な場面に入ると、ストレス要因はどう出ますか？,弱点・脆弱性の推定
弱点,ストレス要因,OBSERVATION,無理は抱え込みすぎないタイプに見えますが、ストレス要因はありますか？,弱点・脆弱性の推定
弱点,ストレス要因,OBSERVATION,普段しっかりしていても、ストレス要因は誰でもありますよね。,弱点・脆弱性の推定
弱点,ストレス要因,HYPOTHETICAL,もし一つだけ手放せるなら、ストレス要因のどの部分を軽くしたいですか？,弱点・脆弱性の推定
弱点,ストレス要因,HYPOTHETICAL,理想の自分に近づくとしたら、ストレス要因はどう変えたいですか？,弱点・脆弱性の推定
弱点,怒りトリガー,DIRECT,差し支えなければ、怒りトリガーってありますか？,弱点・脆弱性の推定
弱点,怒りトリガー,DIRECT,自分でこれは弱いなと思う怒りトリガーはあります？,弱点・脆弱性の推定
弱点,怒りトリガー,INDIRECT,無理が続くと、どんなところに出やすいですか？,弱点・脆弱性の推定
弱点,怒りトリガー,INDIRECT,苦手だなと思う場面って、どんな時ですか？,弱点・脆弱性の推定
弱点,怒りトリガー,ASSUMPTION,誰でも怒りトリガーって少しありますよね。,弱点・脆弱性の推定
弱点,怒りトリガー,ASSUMPTION,普段は見えなくても、怒りトリガーは持ってそうですね。,弱点・脆弱性の推定
弱点,怒りトリガー,COMPARISON,人によって抱えやすいものって違いますよね。怒りトリガーはありますか？,弱点・脆弱性の推定
弱点,怒りトリガー,COMPARISON,まわりより気になりやすい怒りトリガーってあります？,弱点・脆弱性の推定
弱点,怒りトリガー,PAST,これまでに怒りトリガーを強く感じた時期ってありました？,弱点・脆弱性の推定
弱点,怒りトリガー,PAST,昔から怒りトリガーは同じ感じでした？,弱点・脆弱性の推定
弱点,怒りトリガー,SITUATIONAL,追い込まれたとき、怒りトリガーは出やすいですか？,弱点・脆弱性の推定
弱点,怒りトリガー,SITUATIONAL,苦手な場面に入ると、怒りトリガーはどう出ますか？,弱点・脆弱性の推定
弱点,怒りトリガー,OBSERVATION,無理は抱え込みすぎないタイプに見えますが、怒りトリガーはありますか？,弱点・脆弱性の推定
弱点,怒りトリガー,OBSERVATION,普段しっかりしていても、怒りトリガーは誰でもありますよね。,弱点・脆弱性の推定
弱点,怒りトリガー,HYPOTHETICAL,もし一つだけ手放せるなら、怒りトリガーのどの部分を軽くしたいですか？,弱点・脆弱性の推定
弱点,怒りトリガー,HYPOTHETICAL,理想の自分に近づくとしたら、怒りトリガーはどう変えたいですか？,弱点・脆弱性の推定
人生イベント,人生転機,DIRECT,人生転機って、これまでにありましたか？,人生イベントの把握
人生イベント,人生転機,DIRECT,今までの中で人生転機として思い当たるものあります？,人生イベントの把握
人生イベント,人生転機,INDIRECT,今の自分につながってる出来事って何かあります？,人生イベントの把握
人生イベント,人生転機,INDIRECT,振り返ると、節目だったなと思う時期はあります？,人生イベントの把握
人生イベント,人生転機,ASSUMPTION,これまでに人生転機が一つや二つありそうですね。,人生イベントの把握
人生イベント,人生転機,ASSUMPTION,今の話し方だと、人生転機の経験がありそうです。,人生イベントの把握
人生イベント,人生転機,COMPARISON,人生の節目って人によって全然違いますよね。ご自身の人生転機は何ですか？,人生イベントの把握
人生イベント,人生転機,COMPARISON,大きな出来事で変わる人と、じわじわ変わる人がいますよね。どちらに近いですか？,人生イベントの把握
人生イベント,人生転機,PAST,振り返ると、人生転機はいつ頃が大きかったですか？,人生イベントの把握
人生イベント,人生転機,PAST,これまでで一番印象に残っている人生転機は何ですか？,人生イベントの把握
人生イベント,人生転機,SITUATIONAL,誰かにこれまでの人生を3分で話すなら、人生転機として何を入れますか？,人生イベントの把握
人生イベント,人生転機,SITUATIONAL,節目を振り返る場面で、人生転機は自然に出てきますか？,人生イベントの把握
人生イベント,人生転機,OBSERVATION,今の考え方には、人生転機が影響していそうですね。,人生イベントの把握
人生イベント,人生転機,OBSERVATION,話の厚みから、人生転機があった感じがします。,人生イベントの把握
人生イベント,人生転機,HYPOTHETICAL,もし過去の一時期に戻れるなら、人生転機に関わる場面へ戻りたいですか？,人生イベントの把握
人生イベント,人生転機,HYPOTHETICAL,今後また大きく変わるなら、どんな人生転機が起きそうですか？,人生イベントの把握
人生イベント,成功体験,DIRECT,成功体験って、これまでにありましたか？,人生イベントの把握
人生イベント,成功体験,DIRECT,今までの中で成功体験として思い当たるものあります？,人生イベントの把握
人生イベント,成功体験,INDIRECT,今の自分につながってる出来事って何かあります？,人生イベントの把握
人生イベント,成功体験,INDIRECT,振り返ると、節目だったなと思う時期はあります？,人生イベントの把握
人生イベント,成功体験,ASSUMPTION,これまでに成功体験が一つや二つありそうですね。,人生イベントの把握
人生イベント,成功体験,ASSUMPTION,今の話し方だと、成功体験の経験がありそうです。,人生イベントの把握
人生イベント,成功体験,COMPARISON,人生の節目って人によって全然違いますよね。ご自身の成功体験は何ですか？,人生イベントの把握
人生イベント,成功体験,COMPARISON,大きな出来事で変わる人と、じわじわ変わる人がいますよね。どちらに近いですか？,人生イベントの把握
人生イベント,成功体験,PAST,振り返ると、成功体験はいつ頃が大きかったですか？,人生イベントの把握
人生イベント,成功体験,PAST,これまでで一番印象に残っている成功体験は何ですか？,人生イベントの把握
人生イベント,成功体験,SITUATIONAL,誰かにこれまでの人生を3分で話すなら、成功体験として何を入れますか？,人生イベントの把握
人生イベント,成功体験,SITUATIONAL,節目を振り返る場面で、成功体験は自然に出てきますか？,人生イベントの把握
人生イベント,成功体験,OBSERVATION,今の考え方には、成功体験が影響していそうですね。,人生イベントの把握
人生イベント,成功体験,OBSERVATION,話の厚みから、成功体験があった感じがします。,人生イベントの把握
人生イベント,成功体験,HYPOTHETICAL,もし過去の一時期に戻れるなら、成功体験に関わる場面へ戻りたいですか？,人生イベントの把握
人生イベント,成功体験,HYPOTHETICAL,今後また大きく変わるなら、どんな成功体験が起きそうですか？,人生イベントの把握
人生イベント,失敗体験,DIRECT,失敗体験って、これまでにありましたか？,人生イベントの把握
人生イベント,失敗体験,DIRECT,今までの中で失敗体験として思い当たるものあります？,人生イベントの把握
人生イベント,失敗体験,INDIRECT,今の自分につながってる出来事って何かあります？,人生イベントの把握
人生イベント,失敗体験,INDIRECT,振り返ると、節目だったなと思う時期はあります？,人生イベントの把握
人生イベント,失敗体験,ASSUMPTION,これまでに失敗体験が一つや二つありそうですね。,人生イベントの把握
人生イベント,失敗体験,ASSUMPTION,今の話し方だと、失敗体験の経験がありそうです。,人生イベントの把握
人生イベント,失敗体験,COMPARISON,人生の節目って人によって全然違いますよね。ご自身の失敗体験は何ですか？,人生イベントの把握
人生イベント,失敗体験,COMPARISON,大きな出来事で変わる人と、じわじわ変わる人がいますよね。どちらに近いですか？,人生イベントの把握
人生イベント,失敗体験,PAST,振り返ると、失敗体験はいつ頃が大きかったですか？,人生イベントの把握
人生イベント,失敗体験,PAST,これまでで一番印象に残っている失敗体験は何ですか？,人生イベントの把握
人生イベント,失敗体験,SITUATIONAL,誰かにこれまでの人生を3分で話すなら、失敗体験として何を入れますか？,人生イベントの把握
人生イベント,失敗体験,SITUATIONAL,節目を振り返る場面で、失敗体験は自然に出てきますか？,人生イベントの把握
人生イベント,失敗体験,OBSERVATION,今の考え方には、失敗体験が影響していそうですね。,人生イベントの把握
人生イベント,失敗体験,OBSERVATION,話の厚みから、失敗体験があった感じがします。,人生イベントの把握
人生イベント,失敗体験,HYPOTHETICAL,もし過去の一時期に戻れるなら、失敗体験に関わる場面へ戻りたいですか？,人生イベントの把握
人生イベント,失敗体験,HYPOTHETICAL,今後また大きく変わるなら、どんな失敗体験が起きそうですか？,人生イベントの把握
人生イベント,大きな変化,DIRECT,大きな変化って、これまでにありましたか？,人生イベントの把握
人生イベント,大きな変化,DIRECT,今までの中で大きな変化として思い当たるものあります？,人生イベントの把握
人生イベント,大きな変化,INDIRECT,今の自分につながってる出来事って何かあります？,人生イベントの把握
人生イベント,大きな変化,INDIRECT,振り返ると、節目だったなと思う時期はあります？,人生イベントの把握
人生イベント,大きな変化,ASSUMPTION,これまでに大きな変化が一つや二つありそうですね。,人生イベントの把握
人生イベント,大きな変化,ASSUMPTION,今の話し方だと、大きな変化の経験がありそうです。,人生イベントの把握
人生イベント,大きな変化,COMPARISON,人生の節目って人によって全然違いますよね。ご自身の大きな変化は何ですか？,人生イベントの把握
人生イベント,大きな変化,COMPARISON,大きな出来事で変わる人と、じわじわ変わる人がいますよね。どちらに近いですか？,人生イベントの把握
人生イベント,大きな変化,PAST,振り返ると、大きな変化はいつ頃が大きかったですか？,人生イベントの把握
人生イベント,大きな変化,PAST,これまでで一番印象に残っている大きな変化は何ですか？,人生イベントの把握
人生イベント,大きな変化,SITUATIONAL,誰かにこれまでの人生を3分で話すなら、大きな変化として何を入れますか？,人生イベントの把握
人生イベント,大きな変化,SITUATIONAL,節目を振り返る場面で、大きな変化は自然に出てきますか？,人生イベントの把握
人生イベント,大きな変化,OBSERVATION,今の考え方には、大きな変化が影響していそうですね。,人生イベントの把握
人生イベント,大きな変化,OBSERVATION,話の厚みから、大きな変化があった感じがします。,人生イベントの把握
人生イベント,大きな変化,HYPOTHETICAL,もし過去の一時期に戻れるなら、大きな変化に関わる場面へ戻りたいですか？,人生イベントの把握
人生イベント,大きな変化,HYPOTHETICAL,今後また大きく変わるなら、どんな大きな変化が起きそうですか？,人生イベントの把握
人生イベント,人生の師,DIRECT,人生の師って、これまでにありましたか？,人生イベントの把握
人生イベント,人生の師,DIRECT,今までの中で人生の師として思い当たるものあります？,人生イベントの把握
人生イベント,人生の師,INDIRECT,今の自分につながってる出来事って何かあります？,人生イベントの把握
人生イベント,人生の師,INDIRECT,振り返ると、節目だったなと思う時期はあります？,人生イベントの把握
人生イベント,人生の師,ASSUMPTION,これまでに人生の師が一つや二つありそうですね。,人生イベントの把握
人生イベント,人生の師,ASSUMPTION,今の話し方だと、人生の師の経験がありそうです。,人生イベントの把握
人生イベント,人生の師,COMPARISON,人生の節目って人によって全然違いますよね。ご自身の人生の師は何ですか？,人生イベントの把握
人生イベント,人生の師,COMPARISON,大きな出来事で変わる人と、じわじわ変わる人がいますよね。どちらに近いですか？,人生イベントの把握
人生イベント,人生の師,PAST,振り返ると、人生の師はいつ頃が大きかったですか？,人生イベントの把握
人生イベント,人生の師,PAST,これまでで一番印象に残っている人生の師は何ですか？,人生イベントの把握
人生イベント,人生の師,SITUATIONAL,誰かにこれまでの人生を3分で話すなら、人生の師として何を入れますか？,人生イベントの把握
人生イベント,人生の師,SITUATIONAL,節目を振り返る場面で、人生の師は自然に出てきますか？,人生イベントの把握
人生イベント,人生の師,OBSERVATION,今の考え方には、人生の師が影響していそうですね。,人生イベントの把握
人生イベント,人生の師,OBSERVATION,話の厚みから、人生の師があった感じがします。,人生イベントの把握
人生イベント,人生の師,HYPOTHETICAL,もし過去の一時期に戻れるなら、人生の師に関わる場面へ戻りたいですか？,人生イベントの把握
人生イベント,人生の師,HYPOTHETICAL,今後また大きく変わるなら、どんな人生の師が起きそうですか？,人生イベントの把握
人生イベント,価値観変化,DIRECT,価値観変化って、これまでにありましたか？,人生イベントの把握
人生イベント,価値観変化,DIRECT,今までの中で価値観変化として思い当たるものあります？,人生イベントの把握
人生イベント,価値観変化,INDIRECT,今の自分につながってる出来事って何かあります？,人生イベントの把握
人生イベント,価値観変化,INDIRECT,振り返ると、節目だったなと思う時期はあります？,人生イベントの把握
人生イベント,価値観変化,ASSUMPTION,これまでに価値観変化が一つや二つありそうですね。,人生イベントの把握
人生イベント,価値観変化,ASSUMPTION,今の話し方だと、価値観変化の経験がありそうです。,人生イベントの把握
人生イベント,価値観変化,COMPARISON,人生の節目って人によって全然違いますよね。ご自身の価値観変化は何ですか？,人生イベントの把握
人生イベント,価値観変化,COMPARISON,大きな出来事で変わる人と、じわじわ変わる人がいますよね。どちらに近いですか？,人生イベントの把握
人生イベント,価値観変化,PAST,振り返ると、価値観変化はいつ頃が大きかったですか？,人生イベントの把握
人生イベント,価値観変化,PAST,これまでで一番印象に残っている価値観変化は何ですか？,人生イベントの把握
人生イベント,価値観変化,SITUATIONAL,誰かにこれまでの人生を3分で話すなら、価値観変化として何を入れますか？,人生イベントの把握
人生イベント,価値観変化,SITUATIONAL,節目を振り返る場面で、価値観変化は自然に出てきますか？,人生イベントの把握
人生イベント,価値観変化,OBSERVATION,今の考え方には、価値観変化が影響していそうですね。,人生イベントの把握
人生イベント,価値観変化,OBSERVATION,話の厚みから、価値観変化があった感じがします。,人生イベントの把握
人生イベント,価値観変化,HYPOTHETICAL,もし過去の一時期に戻れるなら、価値観変化に関わる場面へ戻りたいですか？,人生イベントの把握
人生イベント,価値観変化,HYPOTHETICAL,今後また大きく変わるなら、どんな価値観変化が起きそうですか？,人生イベントの把握
社会評価,reputation,DIRECT,周りから見ると、reputationはどんな感じだと思います？,社会的評価の把握
社会評価,reputation,DIRECT,人からの見られ方として、reputationは意識しますか？,社会的評価の把握
社会評価,reputation,INDIRECT,周囲との関係で、どんな印象を持たれやすいですか？,社会的評価の把握
社会評価,reputation,INDIRECT,人から頼られることって多いですか？,社会的評価の把握
社会評価,reputation,ASSUMPTION,reputationはわりと高そうな印象があります。,社会的評価の把握
社会評価,reputation,ASSUMPTION,周りからの見え方はかなり安定してそうですね。,社会的評価の把握
社会評価,reputation,COMPARISON,人によって周囲からの見られ方って違いますよね。reputationはどうですか？,社会的評価の把握
社会評価,reputation,COMPARISON,まわりと比べると、reputationは高めだと思います？,社会的評価の把握
社会評価,reputation,PAST,これまでにreputationが変わった時期ってありました？,社会的評価の把握
社会評価,reputation,PAST,昔と比べて、人からの見られ方は変わりました？,社会的評価の把握
社会評価,reputation,SITUATIONAL,新しい集団に入ったとき、reputationはどう形成されやすいですか？,社会的評価の把握
社会評価,reputation,SITUATIONAL,人が多い場で、reputationは出やすいですか？,社会的評価の把握
社会評価,reputation,OBSERVATION,今の受け答えからも、reputationの高さがうかがえます。,社会的評価の把握
社会評価,reputation,OBSERVATION,周囲からの見え方に安定感がありますね。,社会的評価の把握
社会評価,reputation,HYPOTHETICAL,もし周りに一つ印象を残すなら、reputationはどうありたいですか？,社会的評価の把握
社会評価,reputation,HYPOTHETICAL,理想の評価に近づくなら、reputationはどう変えたいですか？,社会的評価の把握
社会評価,信頼度,DIRECT,周りから見ると、信頼度はどんな感じだと思います？,社会的評価の把握
社会評価,信頼度,DIRECT,人からの見られ方として、信頼度は意識しますか？,社会的評価の把握
社会評価,信頼度,INDIRECT,周囲との関係で、どんな印象を持たれやすいですか？,社会的評価の把握
社会評価,信頼度,INDIRECT,人から頼られることって多いですか？,社会的評価の把握
社会評価,信頼度,ASSUMPTION,信頼度はわりと高そうな印象があります。,社会的評価の把握
社会評価,信頼度,ASSUMPTION,周りからの見え方はかなり安定してそうですね。,社会的評価の把握
社会評価,信頼度,COMPARISON,人によって周囲からの見られ方って違いますよね。信頼度はどうですか？,社会的評価の把握
社会評価,信頼度,COMPARISON,まわりと比べると、信頼度は高めだと思います？,社会的評価の把握
社会評価,信頼度,PAST,これまでに信頼度が変わった時期ってありました？,社会的評価の把握
社会評価,信頼度,PAST,昔と比べて、人からの見られ方は変わりました？,社会的評価の把握
社会評価,信頼度,SITUATIONAL,新しい集団に入ったとき、信頼度はどう形成されやすいですか？,社会的評価の把握
社会評価,信頼度,SITUATIONAL,人が多い場で、信頼度は出やすいですか？,社会的評価の把握
社会評価,信頼度,OBSERVATION,今の受け答えからも、信頼度の高さがうかがえます。,社会的評価の把握
社会評価,信頼度,OBSERVATION,周囲からの見え方に安定感がありますね。,社会的評価の把握
社会評価,信頼度,HYPOTHETICAL,もし周りに一つ印象を残すなら、信頼度はどうありたいですか？,社会的評価の把握
社会評価,信頼度,HYPOTHETICAL,理想の評価に近づくなら、信頼度はどう変えたいですか？,社会的評価の把握
社会評価,支持者,DIRECT,周りから見ると、支持者はどんな感じだと思います？,社会的評価の把握
社会評価,支持者,DIRECT,人からの見られ方として、支持者は意識しますか？,社会的評価の把握
社会評価,支持者,INDIRECT,周囲との関係で、どんな印象を持たれやすいですか？,社会的評価の把握
社会評価,支持者,INDIRECT,人から頼られることって多いですか？,社会的評価の把握
社会評価,支持者,ASSUMPTION,支持者はわりと高そうな印象があります。,社会的評価の把握
社会評価,支持者,ASSUMPTION,周りからの見え方はかなり安定してそうですね。,社会的評価の把握
社会評価,支持者,COMPARISON,人によって周囲からの見られ方って違いますよね。支持者はどうですか？,社会的評価の把握
社会評価,支持者,COMPARISON,まわりと比べると、支持者は高めだと思います？,社会的評価の把握
社会評価,支持者,PAST,これまでに支持者が変わった時期ってありました？,社会的評価の把握
社会評価,支持者,PAST,昔と比べて、人からの見られ方は変わりました？,社会的評価の把握
社会評価,支持者,SITUATIONAL,新しい集団に入ったとき、支持者はどう形成されやすいですか？,社会的評価の把握
社会評価,支持者,SITUATIONAL,人が多い場で、支持者は出やすいですか？,社会的評価の把握
社会評価,支持者,OBSERVATION,今の受け答えからも、支持者の高さがうかがえます。,社会的評価の把握
社会評価,支持者,OBSERVATION,周囲からの見え方に安定感がありますね。,社会的評価の把握
社会評価,支持者,HYPOTHETICAL,もし周りに一つ印象を残すなら、支持者はどうありたいですか？,社会的評価の把握
社会評価,支持者,HYPOTHETICAL,理想の評価に近づくなら、支持者はどう変えたいですか？,社会的評価の把握
社会評価,批判者,DIRECT,周りから見ると、批判者はどんな感じだと思います？,社会的評価の把握
社会評価,批判者,DIRECT,人からの見られ方として、批判者は意識しますか？,社会的評価の把握
社会評価,批判者,INDIRECT,周囲との関係で、どんな印象を持たれやすいですか？,社会的評価の把握
社会評価,批判者,INDIRECT,人から頼られることって多いですか？,社会的評価の把握
社会評価,批判者,ASSUMPTION,批判者はわりと高そうな印象があります。,社会的評価の把握
社会評価,批判者,ASSUMPTION,周りからの見え方はかなり安定してそうですね。,社会的評価の把握
社会評価,批判者,COMPARISON,人によって周囲からの見られ方って違いますよね。批判者はどうですか？,社会的評価の把握
社会評価,批判者,COMPARISON,まわりと比べると、批判者は高めだと思います？,社会的評価の把握
社会評価,批判者,PAST,これまでに批判者が変わった時期ってありました？,社会的評価の把握
社会評価,批判者,PAST,昔と比べて、人からの見られ方は変わりました？,社会的評価の把握
社会評価,批判者,SITUATIONAL,新しい集団に入ったとき、批判者はどう形成されやすいですか？,社会的評価の把握
社会評価,批判者,SITUATIONAL,人が多い場で、批判者は出やすいですか？,社会的評価の把握
社会評価,批判者,OBSERVATION,今の受け答えからも、批判者の高さがうかがえます。,社会的評価の把握
社会評価,批判者,OBSERVATION,周囲からの見え方に安定感がありますね。,社会的評価の把握
社会評価,批判者,HYPOTHETICAL,もし周りに一つ印象を残すなら、批判者はどうありたいですか？,社会的評価の把握
社会評価,批判者,HYPOTHETICAL,理想の評価に近づくなら、批判者はどう変えたいですか？,社会的評価の把握
行動履歴,学歴履歴,DIRECT,これまでの学歴履歴って、どんな流れでした？,行動履歴の把握
行動履歴,学歴履歴,DIRECT,経歴としての学歴履歴をざっくり聞いてもいいですか？,行動履歴の把握
行動履歴,学歴履歴,INDIRECT,今に至るまでの流れって、どんな感じで積み上がってきました？,行動履歴の把握
行動履歴,学歴履歴,INDIRECT,これまでやってきたことって、一本につながってますか？,行動履歴の把握
行動履歴,学歴履歴,ASSUMPTION,学歴履歴は結構ストーリーがありそうですね。,行動履歴の把握
行動履歴,学歴履歴,ASSUMPTION,今の感じだと、学歴履歴に転機がいくつかありそうです。,行動履歴の把握
行動履歴,学歴履歴,COMPARISON,一直線の人と寄り道のある人っていますよね。学歴履歴はどちら寄りですか？,行動履歴の把握
行動履歴,学歴履歴,COMPARISON,経歴って人それぞれですが、学歴履歴は変化多めですか？,行動履歴の把握
行動履歴,学歴履歴,PAST,最初の学歴履歴ってどこから始まったんですか？,行動履歴の把握
行動履歴,学歴履歴,PAST,これまでで学歴履歴の中で大きかった時期はどこですか？,行動履歴の把握
行動履歴,学歴履歴,SITUATIONAL,誰かに経歴を一分で話すなら、学歴履歴はどうまとめますか？,行動履歴の把握
行動履歴,学歴履歴,SITUATIONAL,履歴書やプロフィールを書くとき、学歴履歴はどう整理してます？,行動履歴の把握
行動履歴,学歴履歴,OBSERVATION,今の話から、学歴履歴がかなり積み上がってる印象です。,行動履歴の把握
行動履歴,学歴履歴,OBSERVATION,一つひとつの経験が学歴履歴にちゃんとつながってそうですね。,行動履歴の把握
行動履歴,学歴履歴,HYPOTHETICAL,もし経歴を一本のテーマで言い直すなら、学歴履歴は何になりますか？,行動履歴の把握
行動履歴,学歴履歴,HYPOTHETICAL,今後学歴履歴に一行足すとしたら、どんな内容が理想ですか？,行動履歴の把握
行動履歴,職歴履歴,DIRECT,これまでの職歴履歴って、どんな流れでした？,行動履歴の把握
行動履歴,職歴履歴,DIRECT,経歴としての職歴履歴をざっくり聞いてもいいですか？,行動履歴の把握
行動履歴,職歴履歴,INDIRECT,今に至るまでの流れって、どんな感じで積み上がってきました？,行動履歴の把握
行動履歴,職歴履歴,INDIRECT,これまでやってきたことって、一本につながってますか？,行動履歴の把握
行動履歴,職歴履歴,ASSUMPTION,職歴履歴は結構ストーリーがありそうですね。,行動履歴の把握
行動履歴,職歴履歴,ASSUMPTION,今の感じだと、職歴履歴に転機がいくつかありそうです。,行動履歴の把握
行動履歴,職歴履歴,COMPARISON,一直線の人と寄り道のある人っていますよね。職歴履歴はどちら寄りですか？,行動履歴の把握
行動履歴,職歴履歴,COMPARISON,経歴って人それぞれですが、職歴履歴は変化多めですか？,行動履歴の把握
行動履歴,職歴履歴,PAST,最初の職歴履歴ってどこから始まったんですか？,行動履歴の把握
行動履歴,職歴履歴,PAST,これまでで職歴履歴の中で大きかった時期はどこですか？,行動履歴の把握
行動履歴,職歴履歴,SITUATIONAL,誰かに経歴を一分で話すなら、職歴履歴はどうまとめますか？,行動履歴の把握
行動履歴,職歴履歴,SITUATIONAL,履歴書やプロフィールを書くとき、職歴履歴はどう整理してます？,行動履歴の把握
行動履歴,職歴履歴,OBSERVATION,今の話から、職歴履歴がかなり積み上がってる印象です。,行動履歴の把握
行動履歴,職歴履歴,OBSERVATION,一つひとつの経験が職歴履歴にちゃんとつながってそうですね。,行動履歴の把握
行動履歴,職歴履歴,HYPOTHETICAL,もし経歴を一本のテーマで言い直すなら、職歴履歴は何になりますか？,行動履歴の把握
行動履歴,職歴履歴,HYPOTHETICAL,今後職歴履歴に一行足すとしたら、どんな内容が理想ですか？,行動履歴の把握
行動履歴,SNS発言,DIRECT,これまでのSNS発言って、どんな流れでした？,行動履歴の把握
行動履歴,SNS発言,DIRECT,経歴としてのSNS発言をざっくり聞いてもいいですか？,行動履歴の把握
行動履歴,SNS発言,INDIRECT,今に至るまでの流れって、どんな感じで積み上がってきました？,行動履歴の把握
行動履歴,SNS発言,INDIRECT,これまでやってきたことって、一本につながってますか？,行動履歴の把握
行動履歴,SNS発言,ASSUMPTION,SNS発言は結構ストーリーがありそうですね。,行動履歴の把握
行動履歴,SNS発言,ASSUMPTION,今の感じだと、SNS発言に転機がいくつかありそうです。,行動履歴の把握
行動履歴,SNS発言,COMPARISON,一直線の人と寄り道のある人っていますよね。SNS発言はどちら寄りですか？,行動履歴の把握
行動履歴,SNS発言,COMPARISON,経歴って人それぞれですが、SNS発言は変化多めですか？,行動履歴の把握
行動履歴,SNS発言,PAST,最初のSNS発言ってどこから始まったんですか？,行動履歴の把握
行動履歴,SNS発言,PAST,これまででSNS発言の中で大きかった時期はどこですか？,行動履歴の把握
行動履歴,SNS発言,SITUATIONAL,誰かに経歴を一分で話すなら、SNS発言はどうまとめますか？,行動履歴の把握
行動履歴,SNS発言,SITUATIONAL,履歴書やプロフィールを書くとき、SNS発言はどう整理してます？,行動履歴の把握
行動履歴,SNS発言,OBSERVATION,今の話から、SNS発言がかなり積み上がってる印象です。,行動履歴の把握
行動履歴,SNS発言,OBSERVATION,一つひとつの経験がSNS発言にちゃんとつながってそうですね。,行動履歴の把握
行動履歴,SNS発言,HYPOTHETICAL,もし経歴を一本のテーマで言い直すなら、SNS発言は何になりますか？,行動履歴の把握
行動履歴,SNS発言,HYPOTHETICAL,今後SNS発言に一行足すとしたら、どんな内容が理想ですか？,行動履歴の把握
行動履歴,著作,DIRECT,これまでの著作って、どんな流れでした？,行動履歴の把握
行動履歴,著作,DIRECT,経歴としての著作をざっくり聞いてもいいですか？,行動履歴の把握
行動履歴,著作,INDIRECT,今に至るまでの流れって、どんな感じで積み上がってきました？,行動履歴の把握
行動履歴,著作,INDIRECT,これまでやってきたことって、一本につながってますか？,行動履歴の把握
行動履歴,著作,ASSUMPTION,著作は結構ストーリーがありそうですね。,行動履歴の把握
行動履歴,著作,ASSUMPTION,今の感じだと、著作に転機がいくつかありそうです。,行動履歴の把握
行動履歴,著作,COMPARISON,一直線の人と寄り道のある人っていますよね。著作はどちら寄りですか？,行動履歴の把握
行動履歴,著作,COMPARISON,経歴って人それぞれですが、著作は変化多めですか？,行動履歴の把握
行動履歴,著作,PAST,最初の著作ってどこから始まったんですか？,行動履歴の把握
行動履歴,著作,PAST,これまでで著作の中で大きかった時期はどこですか？,行動履歴の把握
行動履歴,著作,SITUATIONAL,誰かに経歴を一分で話すなら、著作はどうまとめますか？,行動履歴の把握
行動履歴,著作,SITUATIONAL,履歴書やプロフィールを書くとき、著作はどう整理してます？,行動履歴の把握
行動履歴,著作,OBSERVATION,今の話から、著作がかなり積み上がってる印象です。,行動履歴の把握
行動履歴,著作,OBSERVATION,一つひとつの経験が著作にちゃんとつながってそうですね。,行動履歴の把握
行動履歴,著作,HYPOTHETICAL,もし経歴を一本のテーマで言い直すなら、著作は何になりますか？,行動履歴の把握
行動履歴,著作,HYPOTHETICAL,今後著作に一行足すとしたら、どんな内容が理想ですか？,行動履歴の把握
将来予測,キャリア予測,DIRECT,これからのキャリア予測って、自分ではどう見てますか？,将来の見立ての補助
将来予測,キャリア予測,DIRECT,今後について考えると、キャリア予測はどうなりそうですか？,将来の見立ての補助
将来予測,キャリア予測,INDIRECT,この先、自然に向かいそうな方向ってありますか？,将来の見立ての補助
将来予測,キャリア予測,INDIRECT,今の流れの先に、どんな変化がありそうですか？,将来の見立ての補助
将来予測,キャリア予測,ASSUMPTION,たぶんこの先もキャリア予測は伸びそうですね。,将来の見立ての補助
将来予測,キャリア予測,ASSUMPTION,今の感じだと、キャリア予測にはまだ余白がありそうです。,将来の見立ての補助
将来予測,キャリア予測,COMPARISON,先を細かく考える人と成り行きを見る人っていますよね。キャリア予測はどう見てます？,将来の見立ての補助
将来予測,キャリア予測,COMPARISON,今の自分と数年後の自分で、キャリア予測はかなり変わりそうですか？,将来の見立ての補助
将来予測,キャリア予測,PAST,これまでの流れを見ると、キャリア予測はどう変わってきました？,将来の見立ての補助
将来予測,キャリア予測,PAST,過去の延長線上で考えると、キャリア予測はどうなりそうですか？,将来の見立ての補助
将来予測,キャリア予測,SITUATIONAL,もし大きな機会が来たら、キャリア予測はどう動きそうですか？,将来の見立ての補助
将来予測,キャリア予測,SITUATIONAL,環境が変わったとき、キャリア予測はどの方向に出そうですか？,将来の見立ての補助
将来予測,キャリア予測,OBSERVATION,今の話し方だと、キャリア予測に対して現実感がありますね。,将来の見立ての補助
将来予測,キャリア予測,OBSERVATION,見立て方に、キャリア予測への手触りがありますね。,将来の見立ての補助
将来予測,キャリア予測,HYPOTHETICAL,もし制約がなくなったら、キャリア予測はどこまで広がりそうですか？,将来の見立ての補助
将来予測,キャリア予測,HYPOTHETICAL,理想通りに進んだ場合、キャリア予測はどうなっていたいですか？,将来の見立ての補助
将来予測,行動予測,DIRECT,これからの行動予測って、自分ではどう見てますか？,将来の見立ての補助
将来予測,行動予測,DIRECT,今後について考えると、行動予測はどうなりそうですか？,将来の見立ての補助
将来予測,行動予測,INDIRECT,この先、自然に向かいそうな方向ってありますか？,将来の見立ての補助
将来予測,行動予測,INDIRECT,今の流れの先に、どんな変化がありそうですか？,将来の見立ての補助
将来予測,行動予測,ASSUMPTION,たぶんこの先も行動予測は伸びそうですね。,将来の見立ての補助
将来予測,行動予測,ASSUMPTION,今の感じだと、行動予測にはまだ余白がありそうです。,将来の見立ての補助
将来予測,行動予測,COMPARISON,先を細かく考える人と成り行きを見る人っていますよね。行動予測はどう見てます？,将来の見立ての補助
将来予測,行動予測,COMPARISON,今の自分と数年後の自分で、行動予測はかなり変わりそうですか？,将来の見立ての補助
将来予測,行動予測,PAST,これまでの流れを見ると、行動予測はどう変わってきました？,将来の見立ての補助
将来予測,行動予測,PAST,過去の延長線上で考えると、行動予測はどうなりそうですか？,将来の見立ての補助
将来予測,行動予測,SITUATIONAL,もし大きな機会が来たら、行動予測はどう動きそうですか？,将来の見立ての補助
将来予測,行動予測,SITUATIONAL,環境が変わったとき、行動予測はどの方向に出そうですか？,将来の見立ての補助
将来予測,行動予測,OBSERVATION,今の話し方だと、行動予測に対して現実感がありますね。,将来の見立ての補助
将来予測,行動予測,OBSERVATION,見立て方に、行動予測への手触りがありますね。,将来の見立ての補助
将来予測,行動予測,HYPOTHETICAL,もし制約がなくなったら、行動予測はどこまで広がりそうですか？,将来の見立ての補助
将来予測,行動予測,HYPOTHETICAL,理想通りに進んだ場合、行動予測はどうなっていたいですか？,将来の見立ての補助
将来予測,リスク,DIRECT,これからのリスクって、自分ではどう見てますか？,将来の見立ての補助
将来予測,リスク,DIRECT,今後について考えると、リスクはどうなりそうですか？,将来の見立ての補助
将来予測,リスク,INDIRECT,この先、自然に向かいそうな方向ってありますか？,将来の見立ての補助
将来予測,リスク,INDIRECT,今の流れの先に、どんな変化がありそうですか？,将来の見立ての補助
将来予測,リスク,ASSUMPTION,たぶんこの先もリスクは伸びそうですね。,将来の見立ての補助
将来予測,リスク,ASSUMPTION,今の感じだと、リスクにはまだ余白がありそうです。,将来の見立ての補助
将来予測,リスク,COMPARISON,先を細かく考える人と成り行きを見る人っていますよね。リスクはどう見てます？,将来の見立ての補助
将来予測,リスク,COMPARISON,今の自分と数年後の自分で、リスクはかなり変わりそうですか？,将来の見立ての補助
将来予測,リスク,PAST,これまでの流れを見ると、リスクはどう変わってきました？,将来の見立ての補助
将来予測,リスク,PAST,過去の延長線上で考えると、リスクはどうなりそうですか？,将来の見立ての補助
将来予測,リスク,SITUATIONAL,もし大きな機会が来たら、リスクはどう動きそうですか？,将来の見立ての補助
将来予測,リスク,SITUATIONAL,環境が変わったとき、リスクはどの方向に出そうですか？,将来の見立ての補助
将来予測,リスク,OBSERVATION,今の話し方だと、リスクに対して現実感がありますね。,将来の見立ての補助
将来予測,リスク,OBSERVATION,見立て方に、リスクへの手触りがありますね。,将来の見立ての補助
将来予測,リスク,HYPOTHETICAL,もし制約がなくなったら、リスクはどこまで広がりそうですか？,将来の見立ての補助
将来予測,リスク,HYPOTHETICAL,理想通りに進んだ場合、リスクはどうなっていたいですか？,将来の見立ての補助
将来予測,潜在能力,DIRECT,これからの潜在能力って、自分ではどう見てますか？,将来の見立ての補助
将来予測,潜在能力,DIRECT,今後について考えると、潜在能力はどうなりそうですか？,将来の見立ての補助
将来予測,潜在能力,INDIRECT,この先、自然に向かいそうな方向ってありますか？,将来の見立ての補助
将来予測,潜在能力,INDIRECT,今の流れの先に、どんな変化がありそうですか？,将来の見立ての補助
将来予測,潜在能力,ASSUMPTION,たぶんこの先も潜在能力は伸びそうですね。,将来の見立ての補助
将来予測,潜在能力,ASSUMPTION,今の感じだと、潜在能力にはまだ余白がありそうです。,将来の見立ての補助
将来予測,潜在能力,COMPARISON,先を細かく考える人と成り行きを見る人っていますよね。潜在能力はどう見てます？,将来の見立ての補助
将来予測,潜在能力,COMPARISON,今の自分と数年後の自分で、潜在能力はかなり変わりそうですか？,将来の見立ての補助
将来予測,潜在能力,PAST,これまでの流れを見ると、潜在能力はどう変わってきました？,将来の見立ての補助
将来予測,潜在能力,PAST,過去の延長線上で考えると、潜在能力はどうなりそうですか？,将来の見立ての補助
将来予測,潜在能力,SITUATIONAL,もし大きな機会が来たら、潜在能力はどう動きそうですか？,将来の見立ての補助
将来予測,潜在能力,SITUATIONAL,環境が変わったとき、潜在能力はどの方向に出そうですか？,将来の見立ての補助
将来予測,潜在能力,OBSERVATION,今の話し方だと、潜在能力に対して現実感がありますね。,将来の見立ての補助
将来予測,潜在能力,OBSERVATION,見立て方に、潜在能力への手触りがありますね。,将来の見立ての補助
将来予測,潜在能力,HYPOTHETICAL,もし制約がなくなったら、潜在能力はどこまで広がりそうですか？,将来の見立ての補助
将来予測,潜在能力,HYPOTHETICAL,理想通りに進んだ場合、潜在能力はどうなっていたいですか？,将来の見立ての補助
